{
   "dashboards": [{
      "autoswitchEnabled": false,
      "columnCount": 1,
      "columnProportion": "1-1",
      "creationTime": 1680109281672,
      "dashboardNavigations": {},
      "description": "",
      "disabled": false,
      "gridsterMaxColumns": 12,
      "hidden": false,
      "homeTab": false,
      "id": "24e1cc38-9068-4606-8965-f6acd42c952e",
      "importAttempts": 0,
      "importComplete": true,
      "lastUpdateTime": 1681721034739,
      "lastUpdateUserId": "b3f19bd7-ec0a-3065-b2e0-8b2a692bcd51",
      "locked": false,
      "name": "tk-DatacenterEnergyConsumption",
      "rank": 0,
      "shared": false,
      "states": [{
         "key": "permDashboardTime_dashboard_24e1cc38-9068-4606-8965-f6acd42c952e",
         "value": "o%3AdateRange%3Ds%253Alast24Hour%5EdateRangeText%3Ds%253A24H"
      }],
      "temporary": false,
      "userId": "b3f19bd7-ec0a-3065-b2e0-8b2a692bcd51",
      "widgetInteractions": [
         {
            "type": "metricId",
            "widgetIdProvider": "48f44fb0-7227-4a03-9150-98a75641be00",
            "widgetIdReceiver": "6ad4ba47-7503-407c-afc8-1d1c56074922"
         },
         {
            "type": "metricId",
            "widgetIdProvider": "dc76bef0-d20b-4b0b-8550-1004526c192f",
            "widgetIdReceiver": "55074e1d-2254-4b91-bcd2-09ac488f2ddc"
         },
         {
            "type": "resourceId",
            "widgetIdProvider": "48f44fb0-7227-4a03-9150-98a75641be00",
            "widgetIdReceiver": "e75d9af2-8e93-4540-8826-f4eb8146f99a"
         },
         {
            "type": "resourceId",
            "widgetIdProvider": "dc76bef0-d20b-4b0b-8550-1004526c192f",
            "widgetIdReceiver": "0af29405-67ab-4f5d-92b0-cc427be28c3a"
         },
         {
            "type": "resourceId",
            "widgetIdProvider": "48f44fb0-7227-4a03-9150-98a75641be00",
            "widgetIdReceiver": "814370bf-2608-48ab-9cdf-1dfebacc8fe4"
         }
      ],
      "widgets": [
         {
            "collapsed": false,
            "config": {
               "additionalColumns": [],
               "barsCount": 5,
               "customFilter": {
                  "excludedResources": null,
                  "filter": [],
                  "includedResources": null
               },
               "depth": 10,
               "filterMode": "tagPicker",
               "filterOldMetrics": {"filterOldMetrics": false},
               "maxValue": null,
               "metric": {
                  "metricKey": "Super Metric|sm_a0cd5054-0104-4b73-b662-167f9a3fcd77",
                  "name": "Super Metrics|tk-MTDDatacenterEnergyConsumption (KWh)"
               },
               "metricName": "",
               "metricUnit": {
                  "metricUnitId": "kwh",
                  "metricUnitName": "KWh"
               },
               "mode": "all",
               "percentileValue": null,
               "refreshContent": {"refreshContent": false},
               "refreshInterval": 300,
               "regenerationTime": 5,
               "relationshipMode": {"relationshipMode": [
                  -1,
                  0
               ]},
               "resource": [],
               "resourceKind": [{"id": "resourceKind:id:0_::_"}],
               "roundDecimals": 1,
               "selfProvider": {"selfProvider": true},
               "tagFilter": null,
               "title": "Datacenter MTD Energy Consumption",
               "topOption": "metricsHighestUtilization"
            },
            "gridsterCoords": {
               "h": 6,
               "w": 4,
               "x": 1,
               "y": 1
            },
            "height": 324,
            "id": "48f44fb0-7227-4a03-9150-98a75641be00",
            "title": "Datacenter MTD Energy Consumption",
            "type": "ParetoAnalysis"
         },
         {
            "collapsed": false,
            "config": {
               "additionalColumns": [],
               "barsCount": 5,
               "customFilter": {
                  "excludedResources": null,
                  "filter": [],
                  "includedResources": null
               },
               "depth": 10,
               "filterMode": "tagPicker",
               "filterOldMetrics": {"filterOldMetrics": false},
               "maxValue": null,
               "metric": {
                  "metricKey": "Super Metric|sm_60739218-eeb4-4bd3-aeac-acbe78e27dc4",
                  "name": "Super Metrics|tk-MTDDatacenterEnergyPrice (\u20ac)"
               },
               "metricName": "",
               "metricUnit": {
                  "metricUnitId": "currency",
                  "metricUnitName": "\u20ac"
               },
               "mode": "all",
               "percentileValue": null,
               "refreshContent": {"refreshContent": false},
               "refreshInterval": 300,
               "regenerationTime": 5,
               "relationshipMode": {"relationshipMode": [
                  -1,
                  0
               ]},
               "resource": [],
               "resourceKind": [{"id": "resourceKind:id:0_::_"}],
               "roundDecimals": 1,
               "selfProvider": {"selfProvider": true},
               "tagFilter": null,
               "title": "Datacenter MTD Energy Spendings",
               "topOption": "metricsHighestUtilization"
            },
            "gridsterCoords": {
               "h": 6,
               "w": 4,
               "x": 5,
               "y": 1
            },
            "height": 324,
            "id": "dc76bef0-d20b-4b0b-8550-1004526c192f",
            "title": "Datacenter MTD Energy Spendings",
            "type": "ParetoAnalysis"
         },
         {
            "collapsed": false,
            "config": {},
            "gridsterCoords": {
               "h": 6,
               "w": 4,
               "x": 1,
               "y": 7
            },
            "height": 324,
            "id": "6ad4ba47-7503-407c-afc8-1d1c56074922",
            "states": [
               {
                  "key": "permMetricChart_widget_24e1cc38-9068-4606-8965-f6acd42c952e_6ad4ba47-7503-407c-afc8-1d1c56074922",
                  "value": "o%3A"
               },
               {
                  "key": "permDateRange1_permMetricChart_widget_24e1cc38-9068-4606-8965-f6acd42c952e_6ad4ba47-7503-407c-afc8-1d1c56074922",
                  "value": "s%3A%7B%22dateRange%22%3A%22dashboardTime%22%2C%22dateFrom%22%3Anull%2C%22dateTo%22%3Anull%2C%22timeFrom%22%3Anull%2C%22timeTo%22%3Anull%7D"
               },
               {
                  "key": "permBtn_zoomAllGraphs_permMetricChart_widget_24e1cc38-9068-4606-8965-f6acd42c952e_6ad4ba47-7503-407c-afc8-1d1c56074922",
                  "value": "b%3A0"
               },
               {
                  "key": "permBtn_pan_permMetricChart_widget_24e1cc38-9068-4606-8965-f6acd42c952e_6ad4ba47-7503-407c-afc8-1d1c56074922",
                  "value": "b%3A0"
               }
            ],
            "title": "Metric Chart",
            "type": "MetricChart"
         },
         {
            "collapsed": false,
            "config": {},
            "gridsterCoords": {
               "h": 6,
               "w": 4,
               "x": 5,
               "y": 7
            },
            "height": 324,
            "id": "55074e1d-2254-4b91-bcd2-09ac488f2ddc",
            "states": [
               {
                  "key": "permMetricChart_widget_24e1cc38-9068-4606-8965-f6acd42c952e_55074e1d-2254-4b91-bcd2-09ac488f2ddc",
                  "value": "o%3A"
               },
               {
                  "key": "permDateRange1_permMetricChart_widget_24e1cc38-9068-4606-8965-f6acd42c952e_55074e1d-2254-4b91-bcd2-09ac488f2ddc",
                  "value": "s%3A%7B%22dateRange%22%3A%22dashboardTime%22%2C%22dateFrom%22%3Anull%2C%22dateTo%22%3Anull%2C%22timeFrom%22%3Anull%2C%22timeTo%22%3Anull%7D"
               },
               {
                  "key": "permBtn_pan_permMetricChart_widget_24e1cc38-9068-4606-8965-f6acd42c952e_55074e1d-2254-4b91-bcd2-09ac488f2ddc",
                  "value": "b%3A0"
               },
               {
                  "key": "permBtn_zoomAllGraphs_permMetricChart_widget_24e1cc38-9068-4606-8965-f6acd42c952e_55074e1d-2254-4b91-bcd2-09ac488f2ddc",
                  "value": "b%3A0"
               }
            ],
            "title": "Metric Chart",
            "type": "MetricChart"
         },
         {
            "collapsed": false,
            "config": {
               "chartViewItems": [
                  "legend",
                  "labels",
                  "title"
               ],
               "isUpdatedView": true,
               "refreshContent": {"refreshContent": false},
               "refreshInterval": 300,
               "resource": null,
               "selectFirstRow": {"selectFirstRow": false},
               "selfProvider": {"selfProvider": false},
               "title": "MTD Cluster level consumption for selected Datacenter",
               "traversalSpecId": "",
               "viewDefinitionId": "1fa54d08-5db8-425e-a1f1-5d913e07e5d0"
            },
            "gridsterCoords": {
               "h": 6,
               "w": 4,
               "x": 9,
               "y": 1
            },
            "height": 324,
            "id": "e75d9af2-8e93-4540-8826-f4eb8146f99a",
            "states": [{
               "key": "perm_isDashboardTime_widget_24e1cc38-9068-4606-8965-f6acd42c952e_e75d9af2-8e93-4540-8826-f4eb8146f99a",
               "value": "b%3A0"
            }],
            "title": "MTD Cluster level consumption for selected Datacenter",
            "type": "View"
         },
         {
            "collapsed": false,
            "config": {
               "chartViewItems": [
                  "labels",
                  "legend",
                  "title"
               ],
               "isUpdatedView": true,
               "refreshContent": {"refreshContent": false},
               "refreshInterval": 300,
               "resource": null,
               "selectFirstRow": {"selectFirstRow": false},
               "selfProvider": {"selfProvider": false},
               "title": "MTD Cluster level spendings for selected Datacenter",
               "traversalSpecId": "",
               "viewDefinitionId": "4443aa2a-8796-40d7-8c0c-3185e27ebdc1"
            },
            "gridsterCoords": {
               "h": 6,
               "w": 4,
               "x": 9,
               "y": 7
            },
            "height": 324,
            "id": "0af29405-67ab-4f5d-92b0-cc427be28c3a",
            "states": [{
               "key": "perm_isDashboardTime_widget_24e1cc38-9068-4606-8965-f6acd42c952e_0af29405-67ab-4f5d-92b0-cc427be28c3a",
               "value": "b%3A0"
            }],
            "title": "MTD Cluster level spendings for selected Datacenter",
            "type": "View"
         },
         {
            "collapsed": false,
            "config": {
               "chartViewItems": ["legend"],
               "isUpdatedView": true,
               "refreshContent": {"refreshContent": false},
               "refreshInterval": 300,
               "resource": {
                  "id": "Ext.vcops.chrome.model.Resource-14",
                  "resourceId": "resource:id:0_::_",
                  "resourceKindId": "002006VMWARECustomDatacenter",
                  "resourceName": "TK-Ratingen",
                  "traversalSpecId": ""
               },
               "selectFirstRow": {"selectFirstRow": false},
               "selfProvider": {"selfProvider": true},
               "title": "tk-PUE-Overview",
               "traversalSpecId": null,
               "viewDefinitionId": "2298a26d-7f07-4feb-a622-7057b7698e62"
            },
            "gridsterCoords": {
               "h": 6,
               "w": 4,
               "x": 1,
               "y": 13
            },
            "height": 324,
            "id": "814370bf-2608-48ab-9cdf-1dfebacc8fe4",
            "states": [{
               "key": "perm_isDashboardTime_widget_24e1cc38-9068-4606-8965-f6acd42c952e_814370bf-2608-48ab-9cdf-1dfebacc8fe4",
               "value": "b%3A0"
            }],
            "title": "tk-PUE-Overview",
            "type": "View"
         }
      ]
   }],
   "entries": {
      "resource": [{
         "identifiers": [],
         "internalId": "resource:id:0_::_"
      }],
      "resourceKind": [{
         "adapterKindKey": "VMWARE",
         "internalId": "resourceKind:id:0_::_",
         "resourceKindKey": "Datacenter"
      }]
   },
   "uuid": "ad7e59ca-95ba-4ac0-9be8-0f771f510711"
}