{
   "dashboards": [
      {
         "autoswitchEnabled": false,
         "columnCount": 1,
         "columnProportion": "1-1",
         "creationTime": 1683888228574,
         "dashboardNavigations": {},
         "description": "",
         "disabled": false,
         "gridsterMaxColumns": 12,
         "hidden": false,
         "homeTab": false,
         "id": "2115dd00-7501-446d-82c6-857d70348874",
         "importAttempts": 0,
         "importComplete": true,
         "lastUpdateTime": 1684352761294,
         "lastUpdateUserId": "b3f19bd7-ec0a-3065-b2e0-8b2a692bcd51",
         "locked": false,
         "name": "tkopton/Sustainability/tk-Carbon Emissions Overview",
         "namePath": "tkopton/Sustainability",
         "rank": 0,
         "shared": false,
         "states": [{
            "key": "permDashboardTime_dashboard_2115dd00-7501-446d-82c6-857d70348874",
            "value": "o%3AdateRange%3Ds%253Alast7Days%5EdateRangeText%3Ds%253A7D"
         }],
         "temporary": false,
         "userId": "b3f19bd7-ec0a-3065-b2e0-8b2a692bcd51",
         "widgetInteractions": [
            {
               "type": "resourceId",
               "widgetIdProvider": "90c3c79a-7342-4179-af56-ea0ad5dfc682",
               "widgetIdReceiver": "25a20e53-bb09-4001-a1ba-49cde4c89ae7"
            },
            {
               "type": "resourceId",
               "widgetIdProvider": "25a20e53-bb09-4001-a1ba-49cde4c89ae7",
               "widgetIdReceiver": "b9c694b3-1f40-4c83-9b69-71fc21f295dc"
            }
         ],
         "widgets": [
            {
               "collapsed": false,
               "config": {
                  "editorData": "<div><font color=\"#339966\"><b>Information<\/b><\/font><\/div><div><br><\/div><div>This\n dashboard shows the <b>Carbon Emissions<\/b> (in kg) of the virtual \ninfrastructure components from the beginning of the current month to the\n current day/time, <b>Month-To-Date<\/b> (MTD). The views used in this dashboard are using the sum \ntransformation and according time settings. The time settings can be \nchanged. The carbon emissions of the components are distributed into \nfour buckets, the configuration of the buckets can be changed in the \nrespective views. The <b>CO2 per kWh<\/b> value is a <b>custom attribute<\/b> configured via <b>Custom Group<\/b> containing all hosts in the same \"carbon emissions zone\". The value can be changed accordingly.<br><\/div><div><br><\/div><div><font color=\"#3366ff\"><b>Navigation<\/b><\/font><\/div><div><ol><li>Select the <b>Datacenter<\/b>.<\/li><li>Select a <b>Cluster<\/b> in the selected Datacenter<\/li><li>Select an <b>ESXi Host<\/b> in the selected Cluster.<\/li><\/ol><\/div>\u200b",
                  "locationFile": "",
                  "locationUrl": "",
                  "refreshContent": {"refreshContent": false},
                  "refreshInterval": 300,
                  "title": "Info and Navigation",
                  "titleLocalized": "Info and Navigation",
                  "viewModeHTML": true
               },
               "gridsterCoords": {
                  "h": 5,
                  "w": 12,
                  "x": 1,
                  "y": 1
               },
               "height": 266,
               "id": "05a2f59b-6eeb-42d3-9cc4-8b51e9842365",
               "title": "Info and Navigation",
               "type": "TextDisplay"
            },
            {
               "collapsed": false,
               "config": {
                  "chartViewItems": ["labels"],
                  "isUpdatedView": true,
                  "refreshContent": {"refreshContent": false},
                  "refreshInterval": 300,
                  "resource": {
                     "id": "Ext.vcops.chrome.model.Resource-130",
                     "resourceId": "resource:id:0_::_",
                     "resourceKindId": "002006VMWAREvSphere World",
                     "resourceName": "vSphere World",
                     "traversalSpecId": ""
                  },
                  "selectFirstRow": {"selectFirstRow": false},
                  "selfProvider": {"selfProvider": true},
                  "title": "1. Datacenters MTD Carbon Emissions Distributio (kg CO2)",
                  "traversalSpecId": null,
                  "viewDefinitionId": "bb6c8c42-a97a-4f3d-b566-3bceaa382712"
               },
               "gridsterCoords": {
                  "h": 6,
                  "w": 12,
                  "x": 1,
                  "y": 6
               },
               "height": 324,
               "id": "90c3c79a-7342-4179-af56-ea0ad5dfc682",
               "states": [{
                  "key": "perm_isDashboardTime_widget_2115dd00-7501-446d-82c6-857d70348874_90c3c79a-7342-4179-af56-ea0ad5dfc682",
                  "value": "b%3A0"
               }],
               "title": "1. Datacenters MTD Carbon Emissions Distributio (kg CO2)",
               "type": "View"
            },
            {
               "collapsed": false,
               "config": {
                  "chartViewItems": ["labels"],
                  "isUpdatedView": true,
                  "refreshContent": {"refreshContent": false},
                  "refreshInterval": 300,
                  "resource": null,
                  "selectFirstRow": {"selectFirstRow": false},
                  "selfProvider": {"selfProvider": false},
                  "title": "3. Hosts MTD Carbon Emissions Distributio (kg CO2)",
                  "traversalSpecId": "vSphere Hosts and Clusters-VMWARE-vSphere World",
                  "viewDefinitionId": "eb790476-5228-4b53-b517-07126848c8cf"
               },
               "gridsterCoords": {
                  "h": 6,
                  "w": 12,
                  "x": 1,
                  "y": 18
               },
               "height": 324,
               "id": "b9c694b3-1f40-4c83-9b69-71fc21f295dc",
               "states": [{
                  "key": "perm_isDashboardTime_widget_2115dd00-7501-446d-82c6-857d70348874_b9c694b3-1f40-4c83-9b69-71fc21f295dc",
                  "value": "b%3A0"
               }],
               "title": "3. Hosts MTD Carbon Emissions Distributio (kg CO2)",
               "type": "View"
            },
            {
               "collapsed": false,
               "config": {
                  "chartViewItems": ["labels"],
                  "isUpdatedView": true,
                  "refreshContent": {"refreshContent": false},
                  "refreshInterval": 300,
                  "resource": null,
                  "selectFirstRow": {"selectFirstRow": false},
                  "selfProvider": {"selfProvider": false},
                  "title": "2. Clusters MTD Carbon Emissions Distributio (kg CO2)",
                  "traversalSpecId": "",
                  "viewDefinitionId": "31deb1c1-3edd-4cce-a7ce-e2a41cff0f5c"
               },
               "gridsterCoords": {
                  "h": 6,
                  "w": 12,
                  "x": 1,
                  "y": 12
               },
               "height": 324,
               "id": "25a20e53-bb09-4001-a1ba-49cde4c89ae7",
               "states": [{
                  "key": "perm_isDashboardTime_widget_2115dd00-7501-446d-82c6-857d70348874_25a20e53-bb09-4001-a1ba-49cde4c89ae7",
                  "value": "b%3A0"
               }],
               "title": "2. Clusters MTD Carbon Emissions Distributio (kg CO2)",
               "type": "View"
            }
         ]
      },
      {
         "autoswitchEnabled": false,
         "columnCount": 1,
         "columnProportion": "1-1",
         "creationTime": 1683710594149,
         "dashboardNavigations": {},
         "description": "",
         "disabled": false,
         "gridsterMaxColumns": 12,
         "hidden": false,
         "homeTab": false,
         "id": "0447859e-4cfb-4a6d-83ce-a1fcbdcdc24b",
         "importAttempts": 0,
         "importComplete": true,
         "lastUpdateTime": 1684144567650,
         "lastUpdateUserId": "b3f19bd7-ec0a-3065-b2e0-8b2a692bcd51",
         "locked": false,
         "name": "tkopton/Sustainability/tk-Energy Consumption Overview",
         "namePath": "tkopton/Sustainability",
         "rank": 0,
         "shared": false,
         "states": [{
            "key": "permDashboardTime_dashboard_0447859e-4cfb-4a6d-83ce-a1fcbdcdc24b",
            "value": "o%3AdateRange%3Ds%253Alast7Days%5EdateRangeText%3Ds%253A7D"
         }],
         "temporary": false,
         "userId": "b3f19bd7-ec0a-3065-b2e0-8b2a692bcd51",
         "widgetInteractions": [
            {
               "type": "resourceId",
               "widgetIdProvider": "b40a02f2-a1ba-4d45-a22c-2a3e6c268737",
               "widgetIdReceiver": "d7276795-c240-4bdc-9d10-ada9c77de725"
            },
            {
               "type": "resourceId",
               "widgetIdProvider": "d7276795-c240-4bdc-9d10-ada9c77de725",
               "widgetIdReceiver": "a84b57b1-4cc4-4b9b-9fb4-6aa9f13df6e6"
            }
         ],
         "widgets": [
            {
               "collapsed": false,
               "config": {
                  "editorData": "<div><font color=\"#339966\"><b>Information<\/b><\/font><\/div><div><br><\/div><div>This dashboard shows the Energy Consumption (in kWh and Wh) of the virtual infrastructure components from the beginning of the current month to the current day/time. The views used in this dashboard are using the sum transformation and according time settings. The time settings can be changed. The Energy consumption of the components is distributed into four buckets, the configuration of the buckets can be changed in the respective views.<\/div><div><br><\/div><div><font color=\"#3366ff\"><b>Navigation<\/b><\/font><\/div><div><ol><li>Select the <b>Datacenter<\/b>.<\/li><li>Select a <b>Cluster<\/b> in the selected Datacenter<\/li><li>Select an <b>ESXi Host<\/b> in the selected Cluster.<\/li><\/ol><\/div>",
                  "locationFile": "",
                  "locationUrl": "",
                  "refreshContent": {"refreshContent": false},
                  "refreshInterval": 300,
                  "title": "Info and Navigation",
                  "viewModeHTML": true
               },
               "gridsterCoords": {
                  "h": 5,
                  "w": 12,
                  "x": 1,
                  "y": 1
               },
               "height": 266,
               "id": "37580485-edb6-437c-ac8c-38a7fa98116c",
               "title": "Info and Navigation",
               "type": "TextDisplay"
            },
            {
               "collapsed": false,
               "config": {
                  "chartViewItems": ["labels"],
                  "isUpdatedView": true,
                  "refreshContent": {"refreshContent": false},
                  "refreshInterval": 300,
                  "resource": {
                     "id": "Ext.vcops.chrome.model.Resource-43",
                     "resourceId": "resource:id:0_::_",
                     "resourceKindId": "002006VMWAREvSphere World",
                     "resourceName": "vSphere World",
                     "traversalSpecId": ""
                  },
                  "selectFirstRow": {"selectFirstRow": false},
                  "selfProvider": {"selfProvider": true},
                  "title": "1. Datacenters MTD Energy Consumption Distributionn (kWh)",
                  "traversalSpecId": null,
                  "viewDefinitionId": "227530f5-2297-41c9-a988-d3e279e022ac"
               },
               "gridsterCoords": {
                  "h": 6,
                  "w": 12,
                  "x": 1,
                  "y": 6
               },
               "height": 324,
               "id": "b40a02f2-a1ba-4d45-a22c-2a3e6c268737",
               "states": [{
                  "key": "perm_isDashboardTime_widget_0447859e-4cfb-4a6d-83ce-a1fcbdcdc24b_b40a02f2-a1ba-4d45-a22c-2a3e6c268737",
                  "value": "b%3A0"
               }],
               "title": "1. Datacenters MTD Energy Consumption Distributionn (kWh)",
               "type": "View"
            },
            {
               "collapsed": false,
               "config": {
                  "chartViewItems": ["labels"],
                  "isUpdatedView": true,
                  "refreshContent": {"refreshContent": false},
                  "refreshInterval": 300,
                  "resource": null,
                  "selectFirstRow": {"selectFirstRow": false},
                  "selfProvider": {"selfProvider": false},
                  "title": "3. Hosts MTD Energy Consumption Distribution (kWh)",
                  "traversalSpecId": "vSphere Hosts and Clusters-VMWARE-vSphere World",
                  "viewDefinitionId": "e02d87c4-b71b-4d05-8907-0dc4807cb9f9"
               },
               "gridsterCoords": {
                  "h": 6,
                  "w": 12,
                  "x": 1,
                  "y": 18
               },
               "height": 324,
               "id": "a84b57b1-4cc4-4b9b-9fb4-6aa9f13df6e6",
               "states": [{
                  "key": "perm_isDashboardTime_widget_0447859e-4cfb-4a6d-83ce-a1fcbdcdc24b_a84b57b1-4cc4-4b9b-9fb4-6aa9f13df6e6",
                  "value": "b%3A0"
               }],
               "title": "3. Hosts MTD Energy Consumption Distribution (kWh)",
               "type": "View"
            },
            {
               "collapsed": false,
               "config": {
                  "chartViewItems": ["labels"],
                  "isUpdatedView": true,
                  "refreshContent": {"refreshContent": false},
                  "refreshInterval": 300,
                  "resource": null,
                  "selectFirstRow": {"selectFirstRow": false},
                  "selfProvider": {"selfProvider": false},
                  "title": "2. Clusters MTD Energy Consumption Distribution (kWh)",
                  "traversalSpecId": "",
                  "viewDefinitionId": "16b32130-a9b2-44fd-8a67-44272268b229"
               },
               "gridsterCoords": {
                  "h": 6,
                  "w": 12,
                  "x": 1,
                  "y": 12
               },
               "height": 324,
               "id": "d7276795-c240-4bdc-9d10-ada9c77de725",
               "states": [{
                  "key": "perm_isDashboardTime_widget_0447859e-4cfb-4a6d-83ce-a1fcbdcdc24b_d7276795-c240-4bdc-9d10-ada9c77de725",
                  "value": "b%3A0"
               }],
               "title": "2. Clusters MTD Energy Consumption Distribution (kWh)",
               "type": "View"
            }
         ]
      },
      {
         "autoswitchEnabled": false,
         "columnCount": 1,
         "columnProportion": "1-1",
         "creationTime": 1683885867509,
         "dashboardNavigations": {},
         "description": "",
         "disabled": false,
         "gridsterMaxColumns": 12,
         "hidden": false,
         "homeTab": false,
         "id": "03873cf5-3786-4633-a5be-6c3b5a5c655a",
         "importAttempts": 0,
         "importComplete": true,
         "lastUpdateTime": 1684146389368,
         "lastUpdateUserId": "b3f19bd7-ec0a-3065-b2e0-8b2a692bcd51",
         "locked": false,
         "name": "tkopton/Sustainability/tk-Energy Costs Overview",
         "namePath": "tkopton/Sustainability",
         "rank": 0,
         "shared": false,
         "states": [{
            "key": "permDashboardTime_dashboard_03873cf5-3786-4633-a5be-6c3b5a5c655a",
            "value": "o%3AdateRange%3Ds%253Alast7Days%5EdateRangeText%3Ds%253A7D"
         }],
         "temporary": false,
         "userId": "b3f19bd7-ec0a-3065-b2e0-8b2a692bcd51",
         "widgetInteractions": [
            {
               "type": "resourceId",
               "widgetIdProvider": "3aeb2df0-1a8f-425c-be95-4f95968ff9f3",
               "widgetIdReceiver": "d551c0a8-1810-4934-ae18-269a85518929"
            },
            {
               "type": "resourceId",
               "widgetIdProvider": "d551c0a8-1810-4934-ae18-269a85518929",
               "widgetIdReceiver": "215291ed-1c8d-4a66-870d-18565aa07ecb"
            }
         ],
         "widgets": [
            {
               "collapsed": false,
               "config": {
                  "editorData": "<div><font color=\"#339966\"><b>Information<\/b><\/font><\/div><div><br><\/div><div>This\n dashboard shows the <b>Energy Costs<\/b> (in \u20ac) of the virtual \ninfrastructure components from the beginning of the current month to the\n current day/time, <b>Month-To-Date<\/b> (MTD). The views used in this dashboard are using the sum \ntransformation and according time settings. The time settings can be \nchanged. The energy costs of the components are distributed into \nfour buckets, the configuration of the buckets can be changed in the \nrespective views. The energy rate in \u20ac per kWh is a <b>custom attribute<\/b> configured via <b>Custom Group<\/b> containing all hosts in the same \"energy rate zone\". The value can be changed accordingly.<br><\/div><div><br><\/div><div><font color=\"#3366ff\"><b>Navigation<\/b><\/font><\/div><div><ol><li>Select the <b>Datacenter<\/b>.<\/li><li>Select a <b>Cluster<\/b> in the selected Datacenter<\/li><li>Select an <b>ESXi Host<\/b> in the selected Cluster.<\/li><\/ol><\/div>\u200b",
                  "locationFile": "",
                  "locationUrl": "",
                  "refreshContent": {"refreshContent": false},
                  "refreshInterval": 300,
                  "title": "Info and Navigation",
                  "titleLocalized": "Info and Navigation",
                  "viewModeHTML": true
               },
               "gridsterCoords": {
                  "h": 5,
                  "w": 12,
                  "x": 1,
                  "y": 1
               },
               "height": 266,
               "id": "2827e399-35f7-4118-9800-980aab8b621a",
               "title": "Info and Navigation",
               "type": "TextDisplay"
            },
            {
               "collapsed": false,
               "config": {
                  "chartViewItems": ["labels"],
                  "isUpdatedView": true,
                  "refreshContent": {"refreshContent": false},
                  "refreshInterval": 300,
                  "resource": {
                     "id": "Ext.vcops.chrome.model.Resource-61",
                     "resourceId": "resource:id:0_::_",
                     "resourceKindId": "002006VMWAREvSphere World",
                     "resourceName": "vSphere World",
                     "traversalSpecId": ""
                  },
                  "selectFirstRow": {"selectFirstRow": false},
                  "selfProvider": {"selfProvider": true},
                  "title": "1. Datacenters MTD Energy Costs Distribution (\u20ac)",
                  "traversalSpecId": null,
                  "viewDefinitionId": "d290726c-21a8-433d-81f6-bd8bf974b047"
               },
               "gridsterCoords": {
                  "h": 6,
                  "w": 12,
                  "x": 1,
                  "y": 6
               },
               "height": 324,
               "id": "3aeb2df0-1a8f-425c-be95-4f95968ff9f3",
               "states": [{
                  "key": "perm_isDashboardTime_widget_03873cf5-3786-4633-a5be-6c3b5a5c655a_3aeb2df0-1a8f-425c-be95-4f95968ff9f3",
                  "value": "b%3A0"
               }],
               "title": "1. Datacenters MTD Energy Costs Distribution (\u20ac)",
               "type": "View"
            },
            {
               "collapsed": false,
               "config": {
                  "chartViewItems": ["labels"],
                  "isUpdatedView": true,
                  "refreshContent": {"refreshContent": false},
                  "refreshInterval": 300,
                  "resource": null,
                  "selectFirstRow": {"selectFirstRow": false},
                  "selfProvider": {"selfProvider": false},
                  "title": "3. Hosts MTD Energy Costs Distributio (\u20ac)",
                  "traversalSpecId": "vSphere Hosts and Clusters-VMWARE-vSphere World",
                  "viewDefinitionId": "7fb4cb7e-e6e4-45e3-bcde-235ddf72ffe2"
               },
               "gridsterCoords": {
                  "h": 6,
                  "w": 12,
                  "x": 1,
                  "y": 18
               },
               "height": 324,
               "id": "215291ed-1c8d-4a66-870d-18565aa07ecb",
               "states": [{
                  "key": "perm_isDashboardTime_widget_03873cf5-3786-4633-a5be-6c3b5a5c655a_215291ed-1c8d-4a66-870d-18565aa07ecb",
                  "value": "b%3A0"
               }],
               "title": "3. Hosts MTD Energy Costs Distributio (\u20ac)",
               "type": "View"
            },
            {
               "collapsed": false,
               "config": {
                  "chartViewItems": ["labels"],
                  "isUpdatedView": true,
                  "refreshContent": {"refreshContent": false},
                  "refreshInterval": 300,
                  "resource": null,
                  "selectFirstRow": {"selectFirstRow": false},
                  "selfProvider": {"selfProvider": false},
                  "title": "2. Clusters MTD Energy Costs Distributio (\u20ac)",
                  "traversalSpecId": "",
                  "viewDefinitionId": "2fbc04f6-8950-4e9d-aaf6-795713c20b91"
               },
               "gridsterCoords": {
                  "h": 6,
                  "w": 12,
                  "x": 1,
                  "y": 12
               },
               "height": 324,
               "id": "d551c0a8-1810-4934-ae18-269a85518929",
               "states": [{
                  "key": "perm_isDashboardTime_widget_03873cf5-3786-4633-a5be-6c3b5a5c655a_d551c0a8-1810-4934-ae18-269a85518929",
                  "value": "b%3A0"
               }],
               "title": "2. Clusters MTD Energy Costs Distributio (\u20ac)",
               "type": "View"
            }
         ]
      },
      {
         "autoswitchEnabled": false,
         "columnCount": 1,
         "columnProportion": "1-1",
         "creationTime": 1683649226181,
         "dashboardNavigations": {},
         "description": "",
         "disabled": false,
         "gridsterMaxColumns": 12,
         "hidden": false,
         "homeTab": false,
         "id": "743ceeaf-caaf-4f3c-aaad-a5aac933925d",
         "importAttempts": 0,
         "importComplete": true,
         "lastUpdateTime": 1684143801717,
         "lastUpdateUserId": "b3f19bd7-ec0a-3065-b2e0-8b2a692bcd51",
         "locked": false,
         "name": "tkopton/Sustainability/tk-Power Usage Overview",
         "namePath": "tkopton/Sustainability",
         "rank": 0,
         "shared": false,
         "states": [{
            "key": "permDashboardTime_dashboard_743ceeaf-caaf-4f3c-aaad-a5aac933925d",
            "value": "o%3AdateRange%3Ds%253Alast7Days%5EdateRangeText%3Ds%253A7D"
         }],
         "temporary": false,
         "userId": "b3f19bd7-ec0a-3065-b2e0-8b2a692bcd51",
         "widgetInteractions": [
            {
               "type": "resourceId",
               "widgetIdProvider": "bb15deeb-fc5f-4170-999e-fae752b3af27",
               "widgetIdReceiver": "d0f9c4ed-2d5e-4b71-a669-c6303fdea56c"
            },
            {
               "type": "resourceId",
               "widgetIdProvider": "d0f9c4ed-2d5e-4b71-a669-c6303fdea56c",
               "widgetIdReceiver": "b219e60f-0e23-4fab-961e-304ea0e40a9f"
            },
            {
               "type": "resourceId",
               "widgetIdProvider": "b219e60f-0e23-4fab-961e-304ea0e40a9f",
               "widgetIdReceiver": "ae916841-ae17-4b05-bcf0-6bbd382cea84"
            },
            {
               "type": "resourceId",
               "widgetIdProvider": "ae916841-ae17-4b05-bcf0-6bbd382cea84",
               "widgetIdReceiver": "7d058ae2-75d8-4016-8200-6362b80e9416"
            },
            {
               "type": "resourceId",
               "widgetIdProvider": "d0f9c4ed-2d5e-4b71-a669-c6303fdea56c",
               "widgetIdReceiver": "32276a24-29b6-418b-87a3-192d82521c43"
            },
            {
               "type": "metricId",
               "widgetIdProvider": "b219e60f-0e23-4fab-961e-304ea0e40a9f",
               "widgetIdReceiver": "59f12a0d-c836-4b8f-b620-c40c57a07b50"
            },
            {
               "type": "metricId",
               "widgetIdProvider": "ae916841-ae17-4b05-bcf0-6bbd382cea84",
               "widgetIdReceiver": "ba1569fb-34f8-4591-817d-446bdb1278e5"
            }
         ],
         "widgets": [
            {
               "collapsed": false,
               "config": {
                  "additionalColumns": [],
                  "barsCount": 5,
                  "customFilter": {
                     "excludedResources": null,
                     "filter": [],
                     "includedResources": null
                  },
                  "depth": 10,
                  "filterMode": "tagPicker",
                  "filterOldMetrics": {"filterOldMetrics": false},
                  "maxValue": 10,
                  "metric": {
                     "metricKey": "Super Metric|sm_c8681a51-5d2e-4eb9-8a9d-4d1f34f52a7b",
                     "name": "Super Metrics|tk-DCLevelPowerReading (W)"
                  },
                  "metricName": "Current Power Usage",
                  "metricUnit": {
                     "metricUnitId": "kw",
                     "metricUnitName": "KW"
                  },
                  "mode": "all",
                  "orangeBound": 2.5,
                  "percentileValue": null,
                  "redBound": 5,
                  "refreshContent": {"refreshContent": true},
                  "refreshInterval": 300,
                  "regenerationTime": 5,
                  "relationshipMode": {"relationshipMode": [
                     -1,
                     0
                  ]},
                  "resource": [],
                  "resourceKind": [{"id": "resourceKind:id:0_::_"}],
                  "roundDecimals": 1,
                  "selfProvider": {"selfProvider": true},
                  "tagFilter": null,
                  "title": "1. Datacenter Current Power Usage (kW)",
                  "topOption": "metricsHighestUtilization",
                  "yellowBound": 1
               },
               "gridsterCoords": {
                  "h": 6,
                  "w": 4,
                  "x": 5,
                  "y": 1
               },
               "height": 324,
               "id": "bb15deeb-fc5f-4170-999e-fae752b3af27",
               "title": "1. Datacenter Current Power Usage (kW)",
               "type": "ParetoAnalysis"
            },
            {
               "collapsed": false,
               "config": {
                  "editorData": "<p>This dashboard shows the <span style=\"color:#ff0000\">current (latest available metric) power usage<\/span> (in kW or W) of the vSphere infrastructure.<\/p>\n\n\n\n<p><strong><span style=\"color:#0000ff\">Navigation<\/span><\/strong><\/p>\n\n<ol>\n\t<li>Select the Datacenter.<\/li>\n\t<li>Select a Cluster in the selected Datacenter.<\/li>\n\t<li>Select an ESXi Host in the selected Cluster.<\/li><li>Select a Virtual Machine on the selected ESXi host.<\/li><li>Check the VM workload.<\/li><li>Check the hosts power usage overhead ( <b>host total power usage<\/b> - <b>sum(VM level power usage)<\/b>).<\/li><li>Check the host power usage pattern over time.<\/li><li>Check the VM power usage pattern over time.<br><\/li>\n<\/ol>",
                  "locationFile": "",
                  "locationUrl": "",
                  "refreshContent": {"refreshContent": false},
                  "refreshInterval": 300,
                  "title": "Info and Navigation",
                  "viewModeHTML": true
               },
               "gridsterCoords": {
                  "h": 6,
                  "w": 4,
                  "x": 1,
                  "y": 1
               },
               "height": 324,
               "id": "98a2a200-dd88-4bd4-ba6e-42cd7c5e00f8",
               "title": "Info and Navigation",
               "type": "TextDisplay"
            },
            {
               "collapsed": false,
               "config": {
                  "additionalColumns": [],
                  "barsCount": 5,
                  "customFilter": {
                     "excludedResources": null,
                     "filter": [],
                     "includedResources": null
                  },
                  "depth": 10,
                  "filterMode": "tagPicker",
                  "filterOldMetrics": {"filterOldMetrics": false},
                  "metric": {
                     "metricKey": "power|power_average",
                     "name": "Power|Power (Watt)"
                  },
                  "metricName": "Power Usage (W)",
                  "metricUnit": {
                     "metricUnitId": -1,
                     "metricUnitName": "Auto"
                  },
                  "mode": "all",
                  "orangeBound": 2500,
                  "percentileValue": null,
                  "redBound": 5000,
                  "refreshContent": {"refreshContent": false},
                  "refreshInterval": 300,
                  "regenerationTime": 15,
                  "relationshipMode": {"relationshipMode": -1},
                  "resource": [],
                  "resourceKind": [{"id": "resourceKind:id:1_::_"}],
                  "roundDecimals": 0,
                  "selfProvider": {"selfProvider": false},
                  "tagFilter": null,
                  "title": "2. Cluster Current Power Usage (W)",
                  "topOption": "metricsHighestUtilization",
                  "yellowBound": 500
               },
               "gridsterCoords": {
                  "h": 6,
                  "w": 4,
                  "x": 9,
                  "y": 1
               },
               "height": 324,
               "id": "d0f9c4ed-2d5e-4b71-a669-c6303fdea56c",
               "title": "2. Cluster Current Power Usage (W)",
               "type": "ParetoAnalysis"
            },
            {
               "collapsed": false,
               "config": {
                  "additionalColumns": [],
                  "barsCount": 5,
                  "customFilter": {
                     "excludedResources": null,
                     "filter": [],
                     "includedResources": null
                  },
                  "depth": 10,
                  "filterMode": "customFilter",
                  "filterOldMetrics": {"filterOldMetrics": false},
                  "metric": {
                     "metricKey": "power|power_average",
                     "name": "Power|Power (Watt)"
                  },
                  "metricName": "Power Usage (W)",
                  "metricUnit": {
                     "metricUnitId": -1,
                     "metricUnitName": "Auto"
                  },
                  "mode": "all",
                  "orangeBound": 400,
                  "percentileValue": null,
                  "redBound": 800,
                  "refreshContent": {"refreshContent": false},
                  "refreshInterval": 300,
                  "regenerationTime": 15,
                  "relationshipMode": {"relationshipMode": -1},
                  "resource": [],
                  "resourceKind": [{"id": "resourceKind:id:2_::_"}],
                  "roundDecimals": 0,
                  "selfProvider": {"selfProvider": false},
                  "tagFilter": null,
                  "title": "3. Host Current Power Usage (W)",
                  "topOption": "metricsHighestUtilization",
                  "yellowBound": 200
               },
               "gridsterCoords": {
                  "h": 6,
                  "w": 4,
                  "x": 1,
                  "y": 7
               },
               "height": 324,
               "id": "b219e60f-0e23-4fab-961e-304ea0e40a9f",
               "title": "3. Host Current Power Usage (W)",
               "type": "ParetoAnalysis"
            },
            {
               "collapsed": false,
               "config": {
                  "additionalColumns": [],
                  "barsCount": 5,
                  "customFilter": {
                     "excludedResources": null,
                     "filter": [],
                     "includedResources": null
                  },
                  "depth": 10,
                  "filterMode": "tagPicker",
                  "filterOldMetrics": {"filterOldMetrics": false},
                  "metric": {
                     "metricKey": "Super Metric|sm_e882735e-84fa-4e3d-ad63-d1a3fa1fb66e",
                     "name": "Super Metrics|tk-VMPowerUsageCorrected (W)"
                  },
                  "metricName": "Power Usage (W)",
                  "metricUnit": {
                     "metricUnitId": -1,
                     "metricUnitName": "Auto"
                  },
                  "mode": "all",
                  "orangeBound": 50,
                  "percentileValue": null,
                  "redBound": 100,
                  "refreshContent": {"refreshContent": false},
                  "refreshInterval": 300,
                  "regenerationTime": 15,
                  "relationshipMode": {"relationshipMode": -1},
                  "resource": [],
                  "resourceKind": [{"id": "resourceKind:id:3_::_"}],
                  "roundDecimals": 0,
                  "selfProvider": {"selfProvider": false},
                  "tagFilter": null,
                  "title": "4. Virtual Machine Current Power Usage (W)",
                  "topOption": "metricsHighestUtilization",
                  "yellowBound": 25
               },
               "gridsterCoords": {
                  "h": 6,
                  "w": 4,
                  "x": 5,
                  "y": 7
               },
               "height": 324,
               "id": "ae916841-ae17-4b05-bcf0-6bbd382cea84",
               "title": "4. Virtual Machine Current Power Usage (W)",
               "type": "ParetoAnalysis"
            },
            {
               "collapsed": false,
               "config": {
                  "additionalColumns": [],
                  "barsCount": 5,
                  "customFilter": {
                     "excludedResources": null,
                     "filter": [],
                     "includedResources": null
                  },
                  "depth": 10,
                  "filterMode": "tagPicker",
                  "filterOldMetrics": {"filterOldMetrics": false},
                  "maxValue": 500,
                  "metric": {
                     "metricKey": "Super Metric|sm_34c9351b-ae5c-4a48-be2d-18df82609413",
                     "name": "Super Metrics|tk-HostPowerUsageOverhead (W)"
                  },
                  "metricName": "Power Usage Overhead",
                  "metricUnit": {
                     "metricUnitId": "w",
                     "metricUnitName": "W"
                  },
                  "mode": "all",
                  "orangeBound": 200,
                  "percentileValue": null,
                  "redBound": 350,
                  "refreshContent": {"refreshContent": true},
                  "refreshInterval": 300,
                  "regenerationTime": 15,
                  "relationshipMode": {"relationshipMode": -1},
                  "resource": [],
                  "resourceKind": [{"id": "resourceKind:id:2_::_"}],
                  "roundDecimals": 0,
                  "selfProvider": {"selfProvider": false},
                  "tagFilter": null,
                  "title": "6. Host Power Usage Overhead (W)",
                  "topOption": "metricsHighestUtilization",
                  "yellowBound": 100
               },
               "gridsterCoords": {
                  "h": 5,
                  "w": 4,
                  "x": 1,
                  "y": 13
               },
               "height": 266,
               "id": "32276a24-29b6-418b-87a3-192d82521c43",
               "title": "6. Host Power Usage Overhead (W)",
               "type": "ParetoAnalysis"
            },
            {
               "collapsed": false,
               "config": {
                  "boxColumns": 2,
                  "boxHeight": null,
                  "customFilter": {
                     "excludedResources": null,
                     "filter": [],
                     "includedResources": null
                  },
                  "depth": 1,
                  "labelSize": 16,
                  "maxCellCount": 100,
                  "metric": {
                     "mode": "resourceKind",
                     "resourceKindMetrics": [],
                     "resourceMetrics": [],
                     "subMode": "resourceKindAll"
                  },
                  "mode": {"layoutMode": "fixedView"},
                  "oldMetricValues": false,
                  "periodLength": null,
                  "refreshContent": {"refreshContent": false},
                  "refreshInterval": 300,
                  "relationshipMode": {"relationshipMode": 0},
                  "resInteractionMode": "VM-Performance",
                  "resource": [],
                  "roundDecimals": null,
                  "selfProvider": {"selfProvider": false},
                  "showDT": {"showDT": true},
                  "showMetricName": {"showMetricName": true},
                  "showMetricUnit": {"showMetricUnit": true},
                  "showResourceName": {"showResourceName": false},
                  "showSparkline": {"showSparkline": false},
                  "title": "5. Virtual Machine Current Workload",
                  "valueSize": 24,
                  "visualTheme": 5
               },
               "gridsterCoords": {
                  "h": 6,
                  "w": 4,
                  "x": 9,
                  "y": 7
               },
               "height": 324,
               "id": "7d058ae2-75d8-4016-8200-6362b80e9416",
               "title": "5. Virtual Machine Current Workload",
               "type": "Scoreboard"
            },
            {
               "collapsed": false,
               "config": {
                  "customFilter": {
                     "excludedResources": null,
                     "filter": [],
                     "includedResources": null
                  },
                  "depth": 1,
                  "metric": {
                     "mode": "resourceKind",
                     "resourceKindMetrics": [{
                        "colorMethod": 0,
                        "handleOldColoring": false,
                        "id": "extModel30270-1",
                        "isStringMetric": false,
                        "metricKey": "power|power_average",
                        "metricName": "Power|Power (Watt)",
                        "metricUnitId": null,
                        "orangeBound": 400,
                        "redBound": 600,
                        "resourceKindId": "resourceKind:id:2_::_",
                        "resourceKindName": "Host System",
                        "unit": "",
                        "yellowBound": 200
                     }],
                     "resourceMetrics": [],
                     "subMode": "resourceKindAll"
                  },
                  "refreshContent": {"refreshContent": false},
                  "refreshInterval": 300,
                  "relationshipMode": {"relationshipMode": 0},
                  "resInteractionMode": null,
                  "resource": [],
                  "selfProvider": {"selfProvider": false},
                  "title": "7. Host Power Usage Pattern"
               },
               "gridsterCoords": {
                  "h": 5,
                  "w": 4,
                  "x": 5,
                  "y": 13
               },
               "height": 266,
               "id": "59f12a0d-c836-4b8f-b620-c40c57a07b50",
               "states": [
                  {
                     "key": "permBtn_pan_permMetricChart_widget_743ceeaf-caaf-4f3c-aaad-a5aac933925d_59f12a0d-c836-4b8f-b620-c40c57a07b50",
                     "value": "b%3A0"
                  },
                  {
                     "key": "permMetricChart_widget_743ceeaf-caaf-4f3c-aaad-a5aac933925d_59f12a0d-c836-4b8f-b620-c40c57a07b50",
                     "value": "o%3A"
                  },
                  {
                     "key": "permDateRange1_permMetricChart_widget_743ceeaf-caaf-4f3c-aaad-a5aac933925d_59f12a0d-c836-4b8f-b620-c40c57a07b50",
                     "value": "s%3A%7B%22dateRange%22%3A%22dashboardTime%22%2C%22dateFrom%22%3Anull%2C%22dateTo%22%3Anull%2C%22timeFrom%22%3Anull%2C%22timeTo%22%3Anull%7D"
                  },
                  {
                     "key": "permBtn_zoomAllGraphs_permMetricChart_widget_743ceeaf-caaf-4f3c-aaad-a5aac933925d_59f12a0d-c836-4b8f-b620-c40c57a07b50",
                     "value": "b%3A0"
                  }
               ],
               "title": "7. Host Power Usage Pattern",
               "type": "MetricChart"
            },
            {
               "collapsed": false,
               "config": {
                  "customFilter": {
                     "excludedResources": null,
                     "filter": [],
                     "includedResources": null
                  },
                  "depth": 1,
                  "metric": {
                     "mode": "resourceKind",
                     "resourceKindMetrics": [],
                     "resourceMetrics": [],
                     "subMode": "resourceKindAll"
                  },
                  "refreshContent": {"refreshContent": false},
                  "refreshInterval": 300,
                  "relationshipMode": {"relationshipMode": 0},
                  "resInteractionMode": null,
                  "resource": [],
                  "selfProvider": {"selfProvider": false},
                  "title": "7. Virtual Machine Power Usage Pattern"
               },
               "gridsterCoords": {
                  "h": 5,
                  "w": 4,
                  "x": 9,
                  "y": 13
               },
               "height": 266,
               "id": "ba1569fb-34f8-4591-817d-446bdb1278e5",
               "states": [
                  {
                     "key": "permBtn_zoomAllGraphs_permMetricChart_widget_743ceeaf-caaf-4f3c-aaad-a5aac933925d_ba1569fb-34f8-4591-817d-446bdb1278e5",
                     "value": "b%3A0"
                  },
                  {
                     "key": "permBtn_pan_permMetricChart_widget_743ceeaf-caaf-4f3c-aaad-a5aac933925d_ba1569fb-34f8-4591-817d-446bdb1278e5",
                     "value": "b%3A0"
                  },
                  {
                     "key": "permDateRange1_permMetricChart_widget_743ceeaf-caaf-4f3c-aaad-a5aac933925d_ba1569fb-34f8-4591-817d-446bdb1278e5",
                     "value": "s%3A%7B%22dateRange%22%3A%22dashboardTime%22%2C%22dateFrom%22%3Anull%2C%22dateTo%22%3Anull%2C%22timeFrom%22%3Anull%2C%22timeTo%22%3Anull%7D"
                  },
                  {
                     "key": "permMetricChart_widget_743ceeaf-caaf-4f3c-aaad-a5aac933925d_ba1569fb-34f8-4591-817d-446bdb1278e5",
                     "value": "o%3A"
                  }
               ],
               "title": "7. Virtual Machine Power Usage Pattern",
               "type": "MetricChart"
            }
         ]
      }
   ],
   "entries": {
      "resource": [{
         "adapterKindKey": "VMWARE",
         "identifiers": [],
         "internalId": "resource:id:0_::_",
         "name": "vSphere World",
         "resourceKindKey": "vSphere World"
      }],
      "resourceKind": [
         {
            "adapterKindKey": "VMWARE",
            "internalId": "resourceKind:id:0_::_",
            "resourceKindKey": "Datacenter"
         },
         {
            "adapterKindKey": "VMWARE",
            "internalId": "resourceKind:id:2_::_",
            "resourceKindKey": "HostSystem"
         },
         {
            "adapterKindKey": "VMWARE",
            "internalId": "resourceKind:id:3_::_",
            "resourceKindKey": "VirtualMachine"
         },
         {
            "adapterKindKey": "VMWARE",
            "internalId": "resourceKind:id:1_::_",
            "resourceKindKey": "ClusterComputeResource"
         }
      ]
   },
   "uuid": "4dee1a67-ce1a-422d-85b3-31e4b94363cf"
}