{
   "dashboards": [{
      "autoswitchEnabled": false,
      "columnCount": 1,
      "columnProportion": "1-1",
      "creationTime": 1663504908727,
      "dashboardNavigations": {},
      "description": "",
      "disabled": false,
      "gridsterMaxColumns": 12,
      "hidden": false,
      "homeTab": false,
      "id": "4c23a965-389e-46c1-8bec-93b730279210",
      "importAttempts": 0,
      "importComplete": true,
      "lastUpdateTime": 1664179427848,
      "lastUpdateUserId": "b3f19bd7-ec0a-3065-b2e0-8b2a692bcd51",
      "locked": false,
      "name": "tkopton-Traditional-Local-Migration-Planning",
      "rank": 0,
      "shared": false,
      "states": [],
      "temporary": false,
      "userId": "b3f19bd7-ec0a-3065-b2e0-8b2a692bcd51",
      "widgetInteractions": [
         {
            "type": "resourceId",
            "widgetIdProvider": "59166fee-58ec-4241-971c-58b9697a5966",
            "widgetIdReceiver": "ade2e52d-2eeb-498a-8da8-2dca4902bb28"
         },
         {
            "type": "resourceId",
            "widgetIdProvider": "ade2e52d-2eeb-498a-8da8-2dca4902bb28",
            "widgetIdReceiver": "055494b5-645b-45d0-9111-52c58bc0b935"
         },
         {
            "type": "resourceId",
            "widgetIdProvider": "ade2e52d-2eeb-498a-8da8-2dca4902bb28",
            "widgetIdReceiver": "4986f506-04cb-43ad-aa7f-4830efd9fdb6"
         },
         {
            "type": "resourceId",
            "widgetIdProvider": "ade2e52d-2eeb-498a-8da8-2dca4902bb28",
            "widgetIdReceiver": "39222f31-5143-46cc-afca-d941d231b664"
         }
      ],
      "widgets": [
         {
            "collapsed": false,
            "config": {
               "editorData": "<font style=\"color: rgb(0, 0, 0); font-size: 14px;\" size=\"2\" face=\"verdana\">This \u201cTraditional Local Migration Planning\u201d Dashboard helps estimate the number of ESXi hosts required to run all workloads of the selected Cluster.<\/font><div style=\"color: rgb(0, 0, 0); font-size: 14px;\"><font face=\"verdana\"><font size=\"2\">The estimation is based on the current Capacity metrics and Super Metrics representing the new planned ESXi host<\/font><span style=\"font-size: small;\">&nbsp;hardware. The Super Metrics are representing:<\/span><\/font><\/div><div style=\"font-size: 14px;\"><ul style=\"\"><li style=\"\"><font size=\"2\" style=\"\" face=\"verdana\">expected total <font color=\"#339966\">CPU capacity in MHz<\/font><\/font><\/li><li style=\"\"><font size=\"2\" style=\"\" face=\"verdana\">expected total <font color=\"#339966\">RAM capacity in GB<\/font><\/font><\/li><\/ul><\/div><div style=\"color: rgb(0, 0, 0); font-size: 14px;\"><font size=\"2\" style=\"\" color=\"#ff0000\" face=\"verdana\">Both Super Metrics need to be adjusted to meet the values of your planned compute hardware.<\/font><\/div><div style=\"color: rgb(0, 0, 0);\"><font color=\"#0000ff\" face=\"verdana\"><b><font size=\"2\">Usage<\/font><font size=\"2\" style=\"font-size: 14px;\">:<\/font><\/b><\/font><\/div><div style=\"color: rgb(0, 0, 0); font-size: 14px;\"><font face=\"verdana\"><font style=\"\" size=\"2\">1.&nbsp;&nbsp; &nbsp;Select vSphere Datacenter to inspect.<br>2.&nbsp; &nbsp; Shows all vSphere Clusters in selected DC, select Cluster to see how many ESXi host of the new type will be needed to run the current workload.<br>3.&nbsp;&nbsp; &nbsp;Cluster Configuration \u2013 quick config overview, first box \u201cEnabled\u201d shows DRS status<br>4.&nbsp;&nbsp; &nbsp;Capacity Remaining \u2013 remaining capacity by thy most constraint resource for the selected Cluster<br>5.&nbsp;&nbsp; &nbsp;Cluster KPIs \u2013 quick overview of current Cluster performance<br><\/font><br><\/font><br><\/div>",
               "locationFile": "",
               "locationUrl": "",
               "refreshContent": {"refreshContent": false},
               "refreshInterval": 300,
               "title": "Info and Usage",
               "titleLocalized": "Info and Usage",
               "viewModeHTML": true
            },
            "gridsterCoords": {
               "h": 6,
               "w": 8,
               "x": 1,
               "y": 1
            },
            "height": 324,
            "id": "317c1c74-5221-432d-9dba-e3be149818f1",
            "title": "Info and Usage",
            "type": "TextDisplay"
         },
         {
            "collapsed": false,
            "config": {
               "additionalColumns": [],
               "customFilter": {
                  "excludedResources": null,
                  "filter": [{
                     "filterTypes": [{
                        "condition": "EQUALS",
                        "filterType": "properties",
                        "metricKey": "configuration|vSANEnabled",
                        "metricValue": {
                           "isStringMetric": true,
                           "value": "Enabled"
                        }
                     }],
                     "resourceKind": "002006VMWAREClusterComputeResource"
                  }],
                  "includedResources": null
               },
               "depth": 1,
               "filterMode": "tagPicker",
               "mode": "all",
               "refreshContent": {"refreshContent": true},
               "refreshInterval": 300,
               "relationshipMode": {"relationshipMode": 0},
               "resource": [],
               "selectFirstRow": {"selectFirstRow": true},
               "selfProvider": {"selfProvider": true},
               "tagFilter": {
                  "path": ["/source/kind/kind:resourceKind:id:0_::_"],
                  "value": {
                     "adapterInstance": [],
                     "adapterKind": [],
                     "bus": [],
                     "collector": [],
                     "day": [],
                     "exclaim": false,
                     "healthRange": [],
                     "kind": ["resourceKind:id:0_::_"],
                     "maintenanceSchedule": [],
                     "state": [],
                     "status": [],
                     "tag": [],
                     "tier": []
                  }
               },
               "title": "1. Select Datacenter"
            },
            "gridsterCoords": {
               "h": 6,
               "w": 4,
               "x": 9,
               "y": 1
            },
            "height": 324,
            "id": "59166fee-58ec-4241-971c-58b9697a5966",
            "states": [
               {
                  "key": "permResGrid_widget_4c23a965-389e-46c1-8bec-93b730279210_59166fee-58ec-4241-971c-58b9697a5966",
                  "value": "o%3Acolumns%3Da%253Ao%25253Aid%25253Ds%2525253Ah1%25255Ehidden%25253Db%2525253A1%25255Ewidth%25253Dn%2525253A100%255Eo%25253Aid%25253Ds%2525253Ah2%255Eo%25253Aid%25253Ds%2525253Ah3%25255Ehidden%25253Db%2525253A1%25255Ewidth%25253Dn%2525253A100%255Eo%25253Aid%25253Ds%2525253Ah4%255Eo%25253Aid%25253Ds%2525253Ah5%255Eo%25253Aid%25253Ds%2525253Ah6%255Eo%25253Aid%25253Ds%2525253Ah7%25255Ehidden%25253Db%2525253A1%25255Ewidth%25253Dn%2525253A100%255Eo%25253Aid%25253Ds%2525253Ah8%25255Ehidden%25253Db%2525253A1%25255Ewidth%25253Dn%2525253A100%255Eo%25253Aid%25253Ds%2525253Ah9%25255Ehidden%25253Db%2525253A1%25255Ewidth%25253Dn%2525253A100%255Eo%25253Aid%25253Ds%2525253Ah10%25255Ehidden%25253Db%2525253A1%25255Ewidth%25253Dn%2525253A100%255Eo%25253Aid%25253Ds%2525253Ah11%25255Ehidden%25253Db%2525253A1%25255Ewidth%25253Dn%2525253A100%255Eo%25253Aid%25253Ds%2525253Ah12%25255Ehidden%25253Db%2525253A1%25255Ewidth%25253Dn%2525253A100%255Eo%25253Aid%25253Ds%2525253Ah13%25255Ehidden%25253Db%2525253A1%25255Ewidth%25253Dn%2525253A100%255Eo%25253Aid%25253Ds%2525253Ah14%255Eo%25253Aid%25253Ds%2525253Ah15%25255Ehidden%25253Db%2525253A0%255Eo%25253Aid%25253Ds%2525253Ah16%25255Ehidden%25253Db%2525253A1%25255Ewidth%25253Dn%2525253A100%255Eo%25253Aid%25253Ds%2525253AresourceRating%25255Ehidden%25253Db%2525253A1%255Eo%25253Aid%25253Ds%2525253Ah18%25255Ehidden%25253Db%2525253A1%25255Ewidth%25253Dn%2525253A100%255Eo%25253Aid%25253Ds%2525253Ah19%25255Ehidden%25253Db%2525253A1%25255Ewidth%25253Dn%2525253A100%255Eo%25253Aid%25253Ds%2525253Ah20%25255Ehidden%25253Db%2525253A1%25255Ewidth%25253Dn%2525253A100%255Eo%25253Aid%25253Ds%2525253Ah21%25255Ehidden%25253Db%2525253A1%25255Ewidth%25253Dn%2525253A100%255Eo%25253Aid%25253Ds%2525253Ah22%25255Ehidden%25253Db%2525253A1%25255Ewidth%25253Dn%2525253A100%255Eo%25253Aid%25253Ds%2525253Ah23%25255Ehidden%25253Db%2525253A1%25255Ewidth%25253Dn%2525253A100%255Eo%25253Aid%25253Ds%2525253Ah24%25255Ehidden%25253Db%2525253A1%25255Ewidth%25253Dn%2525253A100%255Eo%25253Aid%25253Ds%2525253Ah25%25255Ehidden%25253Db%2525253A1%25255Ewidth%25253Dn%2525253A100%255Eo%25253Aid%25253Ds%2525253Ah26%25255Ehidden%25253Db%2525253A1%25255Ewidth%25253Dn%2525253A100%255Eo%25253Aid%25253Ds%2525253Ah27%25255Ehidden%25253Db%2525253A1%25255Ewidth%25253Dn%2525253A100%255Eo%25253Aid%25253Ds%2525253Ah28%25255Ehidden%25253Db%2525253A1%25255Ewidth%25253Dn%2525253A100%255Eo%25253Aid%25253Ds%2525253Ah29%25255Ehidden%25253Db%2525253A1%25255Ewidth%25253Dn%2525253A100%255Eo%25253Aid%25253Ds%2525253Ah30%25255Ehidden%25253Db%2525253A1%25255Ewidth%25253Dn%2525253A100%255Eo%25253Aid%25253Ds%2525253Ah31%25255Ehidden%25253Db%2525253A1%25255Ewidth%25253Dn%2525253A100%255Eo%25253Aid%25253Ds%2525253Ah32%25255Ehidden%25253Db%2525253A1%25255Ewidth%25253Dn%2525253A100%255Eo%25253Aid%25253Ds%2525253Ah33%25255Ehidden%25253Db%2525253A1%25255Ewidth%25253Dn%2525253A100%255Eo%25253Aid%25253Ds%2525253Ah34%25255Ehidden%25253Db%2525253A1%25255Ewidth%25253Dn%2525253A100%255Eo%25253Aid%25253Ds%2525253Ah35%25255Ehidden%25253Db%2525253A1%25255Ewidth%25253Dn%2525253A100%255Eo%25253Aid%25253Ds%2525253Ah36%25255Ehidden%25253Db%2525253A1%25255Ewidth%25253Dn%2525253A100%255Eo%25253Aid%25253Ds%2525253Ah37%25255Ehidden%25253Db%2525253A1%25255Ewidth%25253Dn%2525253A100%255Eo%25253Aid%25253Ds%2525253Ah38%25255Ehidden%25253Db%2525253A1%25255Ewidth%25253Dn%2525253A100%255Eo%25253Aid%25253Ds%2525253Ah39%25255Ehidden%25253Db%2525253A1%25255Ewidth%25253Dn%2525253A100%255Eo%25253Aid%25253Ds%2525253Ah40%25255Ehidden%25253Db%2525253A1%25255Ewidth%25253Dn%2525253A100%255Eo%25253Aid%25253Ds%2525253Ah41%25255Ehidden%25253Db%2525253A1%25255Ewidth%25253Dn%2525253A100%255Eo%25253Aid%25253Ds%2525253Ah42%25255Ehidden%25253Db%2525253A1%25255Ewidth%25253Dn%2525253A100%255Eo%25253Aid%25253Ds%2525253Ah43%25255Ehidden%25253Db%2525253A1%25255Ewidth%25253Dn%2525253A100%255Eo%25253Aid%25253Ds%2525253Ah44%25255Ehidden%25253Db%2525253A1%25255Ewidth%25253Dn%2525253A100%255Eo%25253Aid%25253Ds%2525253Ah45%25255Ehidden%25253Db%2525253A1%25255Ewidth%25253Dn%2525253A100%255Eo%25253Aid%25253Ds%2525253Ah46%25255Ehidden%25253Db%2525253A1%25255Ewidth%25253Dn%2525253A100%255Eo%25253Aid%25253Ds%2525253Ah47%25255Ehidden%25253Db%2525253A1%25255Ewidth%25253Dn%2525253A100"
               },
               {
                  "key": "perm_toolbarVisible_widget_4c23a965-389e-46c1-8bec-93b730279210_59166fee-58ec-4241-971c-58b9697a5966",
                  "value": "b%3A0"
               }
            ],
            "title": "1. Select Datacenter",
            "type": "ResourceList"
         },
         {
            "collapsed": false,
            "config": {
               "refreshContent": {"refreshContent": false},
               "refreshInterval": 300,
               "resource": null,
               "selfProvider": {"selfProvider": false},
               "title": "4. Capacity Remaining - most constrained resource"
            },
            "gridsterCoords": {
               "h": 6,
               "w": 4,
               "x": 5,
               "y": 13
            },
            "height": 324,
            "id": "055494b5-645b-45d0-9111-52c58bc0b935",
            "title": "4. Capacity Remaining - most constrained resource",
            "type": "IntSummaryCapacity"
         },
         {
            "collapsed": false,
            "config": {
               "chartViewItems": [],
               "isUpdatedView": true,
               "refreshContent": {"refreshContent": false},
               "refreshInterval": 300,
               "resource": null,
               "selectFirstRow": {"selectFirstRow": true},
               "selfProvider": {"selfProvider": false},
               "title": "2. Select Cluster",
               "traversalSpecId": "",
               "viewDefinitionId": "607fc290-805c-4ad5-b03c-eec959af2beb"
            },
            "gridsterCoords": {
               "h": 6,
               "w": 12,
               "x": 1,
               "y": 7
            },
            "height": 324,
            "id": "ade2e52d-2eeb-498a-8da8-2dca4902bb28",
            "title": "2. Select Cluster",
            "type": "View"
         },
         {
            "collapsed": false,
            "config": {
               "boxColumns": 3,
               "boxHeight": null,
               "customFilter": {
                  "excludedResources": null,
                  "filter": [],
                  "includedResources": null
               },
               "depth": 1,
               "labelSize": 16,
               "maxCellCount": 100,
               "metric": {
                  "mode": "resourceKind",
                  "resourceKindMetrics": [],
                  "resourceMetrics": [],
                  "subMode": "resourceKindAll"
               },
               "mode": {"layoutMode": "fixedView"},
               "oldMetricValues": false,
               "periodLength": "last7Days",
               "refreshContent": {"refreshContent": false},
               "refreshInterval": 300,
               "relationshipMode": {"relationshipMode": 0},
               "resInteractionMode": "tkopton-Cluster-KPIs",
               "resource": [],
               "roundDecimals": null,
               "selfProvider": {"selfProvider": false},
               "showDT": {"showDT": true},
               "showMetricName": {"showMetricName": true},
               "showMetricUnit": {"showMetricUnit": true},
               "showResourceName": {"showResourceName": false},
               "showSparkline": {"showSparkline": true},
               "title": "5. Cluster KPIs",
               "valueSize": 24,
               "visualTheme": 4
            },
            "gridsterCoords": {
               "h": 6,
               "w": 4,
               "x": 9,
               "y": 13
            },
            "height": 324,
            "id": "4986f506-04cb-43ad-aa7f-4830efd9fdb6",
            "title": "5. Cluster KPIs",
            "type": "Scoreboard"
         },
         {
            "collapsed": false,
            "config": {
               "boxColumns": 2,
               "boxHeight": null,
               "customFilter": {
                  "excludedResources": null,
                  "filter": [],
                  "includedResources": null
               },
               "depth": 1,
               "labelSize": 16,
               "maxCellCount": 100,
               "metric": {
                  "mode": "resourceKind",
                  "resourceKindMetrics": [
                     {
                        "colorMethod": 0,
                        "id": "extModel78667-1",
                        "isStringMetric": true,
                        "label": "HA Enabled?",
                        "link": "",
                        "metricKey": "configuration|dasConfig|enabled",
                        "metricName": "Cluster Configuration|DAS Configuration|HA Enabled",
                        "metricUnitId": null,
                        "orangeBound": "false",
                        "redBound": "false",
                        "resourceKindId": "resourceKind:id:1_::_",
                        "resourceKindName": "Cluster Compute Resource",
                        "unit": null,
                        "yellowBound": "false"
                     },
                     {
                        "colorMethod": 0,
                        "id": "extModel77622-1",
                        "isStringMetric": true,
                        "label": "DRS Enabled?",
                        "link": "",
                        "metricKey": "configuration|drsconfig|enabled",
                        "metricName": "Cluster Configuration|DRS Configuration|Enabled",
                        "metricUnitId": null,
                        "orangeBound": "false",
                        "redBound": "false",
                        "resourceKindId": "resourceKind:id:1_::_",
                        "resourceKindName": "Cluster Compute Resource",
                        "unit": null,
                        "yellowBound": "false"
                     }
                  ],
                  "resourceMetrics": [],
                  "subMode": "resourceKindAll"
               },
               "mode": {"layoutMode": "fixedView"},
               "oldMetricValues": false,
               "periodLength": null,
               "refreshContent": {"refreshContent": true},
               "refreshInterval": 300,
               "relationshipMode": {"relationshipMode": 0},
               "resInteractionMode": "tkopton-Cluster-Config",
               "resource": [],
               "roundDecimals": null,
               "selfProvider": {"selfProvider": false},
               "showDT": {"showDT": true},
               "showMetricName": {"showMetricName": true},
               "showMetricUnit": {"showMetricUnit": true},
               "showResourceName": {"showResourceName": false},
               "showSparkline": {"showSparkline": false},
               "title": "3. Cluster Configuration",
               "valueSize": 24,
               "visualTheme": 5
            },
            "gridsterCoords": {
               "h": 6,
               "w": 4,
               "x": 1,
               "y": 13
            },
            "height": 324,
            "id": "39222f31-5143-46cc-afca-d941d231b664",
            "title": "3. Cluster Configuration",
            "type": "Scoreboard"
         }
      ]
   }],
   "entries": {"resourceKind": [
      {
         "adapterKindKey": "VMWARE",
         "internalId": "resourceKind:id:0_::_",
         "resourceKindKey": "Datacenter"
      },
      {
         "adapterKindKey": "VMWARE",
         "internalId": "resourceKind:id:1_::_",
         "resourceKindKey": "ClusterComputeResource"
      }
   ]},
   "uuid": "e8dc1631-cdbd-4a85-90f9-fc28b15252cb"
}