<?xml version="1.0" encoding="UTF-8" standalone="yes"?>
<Content>
        
    <Views>
                
        <ViewDef id="d290726c-21a8-433d-81f6-bd8bf974b047">
                        
            <Title>tk-Datacenter Energy Costs - Current Month</Title>
                        
            <Description/>
                        
            <SubjectType adapterKind="VMWARE" filter="[[{&quot;filterType&quot;:&quot;metrics&quot;,&quot;metricKey&quot;:&quot;Super Metric|sm_1eceb8c7-9abd-445f-90f7-262523cf5ced&quot;,&quot;condition&quot;:&quot;GREATER_THAN&quot;,&quot;metricValue&quot;:{&quot;value&quot;:0,&quot;isStringMetric&quot;:false},&quot;transform&quot;:&quot;SUM&quot;}]]" resourceKind="Datacenter" type="descendant"/>
                        
            <Usage>dashboard</Usage>
                        
            <Usage>report</Usage>
                        
            <Usage>details</Usage>
                        
            <Usage>content</Usage>
                        
            <Controls>
                                
                <Control id="time-interval-selector_id_2036" type="time-interval-selector" visible="false">
                                        
                    <Property name="advancedTimeMode" value="true"/>
                                        
                    <Property name="unit" value="DAYS"/>
                                        
                    <Property name="startSubUnit" value="MONTHS"/>
                                        
                    <Property name="startPeriod" value="FIRST"/>
                                        
                    <Property name="endPeriod" value="NOW"/>
                                    
                </Control>
                                
                <Control id="attributes-selector_id_2037" type="attributes-selector" visible="false">
                                        
                    <Property name="attributeInfos">
                                                
                        <List>
                                                        
                            <Item>
                                
                                <Value>
                                        
                                    <Property name="objectType" value="RESOURCE"/>
                                        
                                    <Property name="attributeKey" value="Super Metric|sm_1eceb8c7-9abd-445f-90f7-262523cf5ced"/>
                                        
                                    <Property name="preferredUnitId" value="currency"/>
                                        
                                    <Property name="isStringAttribute" value="false"/>
                                        
                                    <Property name="adapterKind" value="VMWARE"/>
                                        
                                    <Property name="resourceKind" value="Datacenter"/>
                                        
                                    <Property name="rollUpType" value="NONE"/>
                                        
                                    <Property name="rollUpCount" value="0"/>
                                        
                                    <Property name="transformations">
                                                
                                        <List>
                                                        
                                            <Item value="SUM"/>
                                                    
                                        </List>
                                            
                                    </Property>
                                        
                                    <Property name="isProperty" value="false"/>
                                        
                                    <Property name="isShowRelativeTimestamp" value="false"/>
                                    
                                </Value>
                                                            
                            </Item>
                                                    
                        </List>
                                            
                    </Property>
                                    
                </Control>
                                
                <Control id="buckets-control_id_2038" type="buckets-control" visible="false">
                                        
                    <Property name="maxValue" value="0"/>
                                        
                    <Property name="minValue" value="0"/>
                                        
                    <Property name="dynamicCalcFunction" value="SIMPLEMAXMIN"/>
                                        
                    <Property name="bucketInfos">
                                                
                        <List>
                                                        
                            <Item>
                                
                                <Value>
                                        
                                    <Property name="startValue" value="0"/>
                                        
                                    <Property name="endValue" value="5"/>
                                        
                                    <Property name="bucketColor" value="62A420"/>
                                    
                                </Value>
                                                            
                            </Item>
                                                        
                            <Item>
                                
                                <Value>
                                        
                                    <Property name="startValue" value="5"/>
                                        
                                    <Property name="endValue" value="20"/>
                                        
                                    <Property name="bucketColor" value="FAC400"/>
                                    
                                </Value>
                                                            
                            </Item>
                                                        
                            <Item>
                                
                                <Value>
                                        
                                    <Property name="startValue" value="20"/>
                                        
                                    <Property name="endValue" value="100"/>
                                        
                                    <Property name="bucketColor" value="F57600"/>
                                    
                                </Value>
                                                            
                            </Item>
                                                        
                            <Item>
                                
                                <Value>
                                        
                                    <Property name="startValue" value="100"/>
                                        
                                    <Property name="endValue" value="500"/>
                                        
                                    <Property name="bucketColor" value="F54F47"/>
                                    
                                </Value>
                                                            
                            </Item>
                                                    
                        </List>
                                            
                    </Property>
                                        
                    <Property name="isDynamic" value="false"/>
                                        
                    <Property name="isSum" value="false"/>
                                    
                </Control>
                                
                <Control id="metadata_id_2039" type="metadata" visible="false">
                                        
                    <Property name="maxPointsCount" value="5000"/>
                                        
                    <Property name="hideObjectNameColumn" value="false"/>
                                        
                    <Property name="listTopResultSize" value="-1"/>
                                    
                </Control>
                            
            </Controls>
                        
            <DataProviders>
                                
                <DataProvider dataType="distribution-view" id="distribution-view_id_2035"/>
                            
            </DataProviders>
                        
            <Presentation type="bar-chart"/>
                    
        </ViewDef>
                
        <ViewDef id="bb6c8c42-a97a-4f3d-b566-3bceaa382712">
                        
            <Title>tk-Datacenter Carbon Emissions - Current Month</Title>
                        
            <Description/>
                        
            <SubjectType adapterKind="VMWARE" filter="[[{&quot;filterType&quot;:&quot;metrics&quot;,&quot;metricKey&quot;:&quot;Super Metric|sm_1b9cced1-9495-408f-921a-9a29b7c36f95&quot;,&quot;condition&quot;:&quot;GREATER_THAN&quot;,&quot;metricValue&quot;:{&quot;value&quot;:0,&quot;isStringMetric&quot;:false},&quot;transform&quot;:&quot;SUM&quot;}]]" resourceKind="Datacenter" type="descendant"/>
                        
            <Usage>dashboard</Usage>
                        
            <Usage>report</Usage>
                        
            <Usage>details</Usage>
                        
            <Usage>content</Usage>
                        
            <Controls>
                                
                <Control id="time-interval-selector_id_2156" type="time-interval-selector" visible="false">
                                        
                    <Property name="advancedTimeMode" value="true"/>
                                        
                    <Property name="unit" value="DAYS"/>
                                        
                    <Property name="startSubUnit" value="MONTHS"/>
                                        
                    <Property name="startPeriod" value="FIRST"/>
                                        
                    <Property name="endPeriod" value="NOW"/>
                                    
                </Control>
                                
                <Control id="attributes-selector_id_2157" type="attributes-selector" visible="false">
                                        
                    <Property name="attributeInfos">
                                                
                        <List>
                                                        
                            <Item>
                                
                                <Value>
                                        
                                    <Property name="objectType" value="RESOURCE"/>
                                        
                                    <Property name="attributeKey" value="Super Metric|sm_1b9cced1-9495-408f-921a-9a29b7c36f95"/>
                                        
                                    <Property name="preferredUnitId" value="kg"/>
                                        
                                    <Property name="isStringAttribute" value="false"/>
                                        
                                    <Property name="adapterKind" value="VMWARE"/>
                                        
                                    <Property name="resourceKind" value="Datacenter"/>
                                        
                                    <Property name="rollUpType" value="NONE"/>
                                        
                                    <Property name="rollUpCount" value="0"/>
                                        
                                    <Property name="transformations">
                                                
                                        <List>
                                                        
                                            <Item value="SUM"/>
                                                    
                                        </List>
                                            
                                    </Property>
                                        
                                    <Property name="isProperty" value="false"/>
                                        
                                    <Property name="isShowRelativeTimestamp" value="false"/>
                                    
                                </Value>
                                                            
                            </Item>
                                                    
                        </List>
                                            
                    </Property>
                                    
                </Control>
                                
                <Control id="buckets-control_id_2158" type="buckets-control" visible="false">
                                        
                    <Property name="maxValue" value="0"/>
                                        
                    <Property name="minValue" value="0"/>
                                        
                    <Property name="dynamicCalcFunction" value="SIMPLEMAXMIN"/>
                                        
                    <Property name="bucketInfos">
                                                
                        <List>
                                                        
                            <Item>
                                
                                <Value>
                                        
                                    <Property name="startValue" value="0"/>
                                        
                                    <Property name="endValue" value="10"/>
                                        
                                    <Property name="bucketColor" value="62A420"/>
                                    
                                </Value>
                                                            
                            </Item>
                                                        
                            <Item>
                                
                                <Value>
                                        
                                    <Property name="startValue" value="10"/>
                                        
                                    <Property name="endValue" value="50"/>
                                        
                                    <Property name="bucketColor" value="FAC400"/>
                                    
                                </Value>
                                                            
                            </Item>
                                                        
                            <Item>
                                
                                <Value>
                                        
                                    <Property name="startValue" value="50"/>
                                        
                                    <Property name="endValue" value="250"/>
                                        
                                    <Property name="bucketColor" value="F57600"/>
                                    
                                </Value>
                                                            
                            </Item>
                                                        
                            <Item>
                                
                                <Value>
                                        
                                    <Property name="startValue" value="250"/>
                                        
                                    <Property name="endValue" value="1000"/>
                                        
                                    <Property name="bucketColor" value="F54F47"/>
                                    
                                </Value>
                                                            
                            </Item>
                                                    
                        </List>
                                            
                    </Property>
                                        
                    <Property name="isDynamic" value="false"/>
                                        
                    <Property name="isSum" value="false"/>
                                    
                </Control>
                                
                <Control id="metadata_id_2159" type="metadata" visible="false">
                                        
                    <Property name="maxPointsCount" value="5000"/>
                                        
                    <Property name="hideObjectNameColumn" value="false"/>
                                        
                    <Property name="listTopResultSize" value="-1"/>
                                    
                </Control>
                            
            </Controls>
                        
            <DataProviders>
                                
                <DataProvider dataType="distribution-view" id="distribution-view_id_2155"/>
                            
            </DataProviders>
                        
            <Presentation type="bar-chart"/>
                    
        </ViewDef>
                
        <ViewDef id="16b32130-a9b2-44fd-8a67-44272268b229">
                        
            <Title>tk-Cluster Energy Consumption - Current Month</Title>
                        
            <Description/>
                        
            <SubjectType adapterKind="VMWARE" filter="[[{&quot;filterType&quot;:&quot;metrics&quot;,&quot;metricKey&quot;:&quot;Super Metric|sm_1521a943-529b-49e2-a5c6-ad2f381723f1&quot;,&quot;condition&quot;:&quot;GREATER_THAN&quot;,&quot;metricValue&quot;:{&quot;value&quot;:0,&quot;isStringMetric&quot;:false},&quot;transform&quot;:&quot;SUM&quot;}]]" resourceKind="ClusterComputeResource" type="descendant"/>
                        
            <Usage>dashboard</Usage>
                        
            <Usage>report</Usage>
                        
            <Usage>details</Usage>
                        
            <Usage>content</Usage>
                        
            <Controls>
                                
                <Control id="time-interval-selector_id_1971" type="time-interval-selector" visible="false">
                                        
                    <Property name="advancedTimeMode" value="true"/>
                                        
                    <Property name="unit" value="DAYS"/>
                                        
                    <Property name="startSubUnit" value="MONTHS"/>
                                        
                    <Property name="startPeriod" value="FIRST"/>
                                        
                    <Property name="endPeriod" value="NOW"/>
                                    
                </Control>
                                
                <Control id="attributes-selector_id_1972" type="attributes-selector" visible="false">
                                        
                    <Property name="attributeInfos">
                                                
                        <List>
                                                        
                            <Item>
                                
                                <Value>
                                        
                                    <Property name="objectType" value="RESOURCE"/>
                                        
                                    <Property name="attributeKey" value="Super Metric|sm_1521a943-529b-49e2-a5c6-ad2f381723f1"/>
                                        
                                    <Property name="preferredUnitId" value="kwh"/>
                                        
                                    <Property name="isStringAttribute" value="false"/>
                                        
                                    <Property name="adapterKind" value="VMWARE"/>
                                        
                                    <Property name="resourceKind" value="ClusterComputeResource"/>
                                        
                                    <Property name="rollUpType" value="NONE"/>
                                        
                                    <Property name="rollUpCount" value="0"/>
                                        
                                    <Property name="transformations">
                                                
                                        <List>
                                                        
                                            <Item value="SUM"/>
                                                    
                                        </List>
                                            
                                    </Property>
                                        
                                    <Property name="isProperty" value="false"/>
                                        
                                    <Property name="isShowRelativeTimestamp" value="false"/>
                                    
                                </Value>
                                                            
                            </Item>
                                                    
                        </List>
                                            
                    </Property>
                                    
                </Control>
                                
                <Control id="buckets-control_id_1973" type="buckets-control" visible="false">
                                        
                    <Property name="maxValue" value="0"/>
                                        
                    <Property name="minValue" value="0"/>
                                        
                    <Property name="dynamicCalcFunction" value="SIMPLEMAXMIN"/>
                                        
                    <Property name="bucketInfos">
                                                
                        <List>
                                                        
                            <Item>
                                
                                <Value>
                                        
                                    <Property name="startValue" value="0"/>
                                        
                                    <Property name="endValue" value="10"/>
                                        
                                    <Property name="bucketColor" value="62A420"/>
                                    
                                </Value>
                                                            
                            </Item>
                                                        
                            <Item>
                                
                                <Value>
                                        
                                    <Property name="startValue" value="10"/>
                                        
                                    <Property name="endValue" value="100"/>
                                        
                                    <Property name="bucketColor" value="FAC400"/>
                                    
                                </Value>
                                                            
                            </Item>
                                                        
                            <Item>
                                
                                <Value>
                                        
                                    <Property name="startValue" value="100"/>
                                        
                                    <Property name="endValue" value="250"/>
                                        
                                    <Property name="bucketColor" value="F57600"/>
                                    
                                </Value>
                                                            
                            </Item>
                                                        
                            <Item>
                                
                                <Value>
                                        
                                    <Property name="startValue" value="250"/>
                                        
                                    <Property name="endValue" value="1000"/>
                                        
                                    <Property name="bucketColor" value="F54F47"/>
                                    
                                </Value>
                                                            
                            </Item>
                                                    
                        </List>
                                            
                    </Property>
                                        
                    <Property name="isDynamic" value="false"/>
                                        
                    <Property name="isSum" value="false"/>
                                    
                </Control>
                                
                <Control id="metadata_id_1974" type="metadata" visible="false">
                                        
                    <Property name="maxPointsCount" value="5000"/>
                                        
                    <Property name="hideObjectNameColumn" value="false"/>
                                        
                    <Property name="listTopResultSize" value="-1"/>
                                    
                </Control>
                            
            </Controls>
                        
            <DataProviders>
                                
                <DataProvider dataType="distribution-view" id="distribution-view_id_1970"/>
                            
            </DataProviders>
                        
            <Presentation type="bar-chart"/>
                    
        </ViewDef>
                
        <ViewDef id="4d46a9d4-e87e-46a7-83d4-bf81f3af2d23">
                        
            <Title>tk-AppCostsDetails</Title>
                        
            <Description/>
                        
            <SubjectType adapterKind="VMWARE" resourceKind="VirtualMachine" type="descendant"/>
                        
            <SubjectType adapterKind="VMWARE" resourceKind="VirtualMachine" type="self"/>
                        
            <Usage>dashboard</Usage>
                        
            <Usage>report</Usage>
                        
            <Usage>details</Usage>
                        
            <Usage>content</Usage>
                        
            <Controls>
                                
                <Control id="time-interval-selector_id_76" type="time-interval-selector" visible="false">
                                        
                    <Property name="advancedTimeMode" value="false"/>
                                        
                    <Property name="unit" value="DAYS"/>
                                        
                    <Property name="count" value="7"/>
                                    
                </Control>
                                
                <Control id="attributes-selector_id_77" type="attributes-selector" visible="false">
                                        
                    <Property name="attributeInfos">
                                                
                        <List>
                                                        
                            <Item>
                                
                                <Value>
                                        
                                    <Property name="objectType" value="RESOURCE"/>
                                        
                                    <Property name="attributeKey" value="cost|monthlyTotalCost"/>
                                        
                                    <Property name="id" value="extModel3039-1"/>
                                        
                                    <Property name="preferredUnitId" value="currency"/>
                                        
                                    <Property name="isStringAttribute" value="false"/>
                                        
                                    <Property name="adapterKind" value="VMWARE"/>
                                        
                                    <Property name="resourceKind" value="VirtualMachine"/>
                                        
                                    <Property name="rollUpType" value="NONE"/>
                                        
                                    <Property name="rollUpCount" value="0"/>
                                        
                                    <Property name="transformations">
                                                
                                        <List>
                                                        
                                            <Item value="CURRENT"/>
                                                    
                                        </List>
                                            
                                    </Property>
                                        
                                    <Property name="isProperty" value="false"/>
                                        
                                    <Property name="addTimestampAsColumn" value="false"/>
                                        
                                    <Property name="isShowRelativeTimestamp" value="false"/>
                                    
                                </Value>
                                                            
                            </Item>
                                                        
                            <Item>
                                
                                <Value>
                                        
                                    <Property name="objectType" value="RESOURCE"/>
                                        
                                    <Property name="attributeKey" value="cost|monthlyProjectedCost"/>
                                        
                                    <Property name="id" value="extModel3039-2"/>
                                        
                                    <Property name="preferredUnitId" value="currencymonth"/>
                                        
                                    <Property name="isStringAttribute" value="false"/>
                                        
                                    <Property name="adapterKind" value="VMWARE"/>
                                        
                                    <Property name="resourceKind" value="VirtualMachine"/>
                                        
                                    <Property name="rollUpType" value="NONE"/>
                                        
                                    <Property name="rollUpCount" value="0"/>
                                        
                                    <Property name="transformations">
                                                
                                        <List>
                                                        
                                            <Item value="CURRENT"/>
                                                    
                                        </List>
                                            
                                    </Property>
                                        
                                    <Property name="isProperty" value="false"/>
                                        
                                    <Property name="addTimestampAsColumn" value="false"/>
                                        
                                    <Property name="isShowRelativeTimestamp" value="false"/>
                                    
                                </Value>
                                                            
                            </Item>
                                                    
                        </List>
                                            
                    </Property>
                                        
                    <Property name="summaryInfos">
                                                
                        <List>
                                                        
                            <Item>
                                
                                <Value>
                                        
                                    <Property name="displayName" value="Summary"/>
                                        
                                    <Property name="aggregation" value="SUM"/>
                                        
                                    <Property name="attributeIndexes">
                                                
                                        <List>
                                                        
                                            <Item value="0"/>
                                                        
                                            <Item value="1"/>
                                                    
                                        </List>
                                            
                                    </Property>
                                    
                                </Value>
                                                            
                            </Item>
                                                    
                        </List>
                                            
                    </Property>
                                    
                </Control>
                                
                <Control id="pagination-control_id_78" type="pagination-control" visible="true">
                                        
                    <Property name="start" value="0"/>
                                        
                    <Property name="size" value="50"/>
                                    
                </Control>
                                
                <Control id="metadata_id_79" type="metadata" visible="false">
                                        
                    <Property name="maxPointsCount" value="5000"/>
                                        
                    <Property name="hideObjectNameColumn" value="false"/>
                                        
                    <Property name="listTopResultSize" value="-1"/>
                                    
                </Control>
                            
            </Controls>
                        
            <DataProviders>
                                
                <DataProvider dataType="list-view" id="list-view_id_75"/>
                            
            </DataProviders>
                        
            <Presentation type="list"/>
                    
        </ViewDef>
                
        <ViewDef id="e02d87c4-b71b-4d05-8907-0dc4807cb9f9">
                        
            <Title>tk-Host Energy Consumption - Current Month</Title>
                        
            <Description/>
                        
            <SubjectType adapterKind="VMWARE" filter="[[{&quot;filterType&quot;:&quot;metrics&quot;,&quot;metricKey&quot;:&quot;power|energy_summation_sum&quot;,&quot;condition&quot;:&quot;GREATER_THAN&quot;,&quot;metricValue&quot;:{&quot;value&quot;:0,&quot;isStringMetric&quot;:false},&quot;transform&quot;:&quot;SUM&quot;}]]" resourceKind="HostSystem" type="descendant"/>
                        
            <Usage>dashboard</Usage>
                        
            <Usage>report</Usage>
                        
            <Usage>details</Usage>
                        
            <Usage>content</Usage>
                        
            <Controls>
                                
                <Control id="time-interval-selector_id_2001" type="time-interval-selector" visible="false">
                                        
                    <Property name="advancedTimeMode" value="true"/>
                                        
                    <Property name="unit" value="DAYS"/>
                                        
                    <Property name="startSubUnit" value="MONTHS"/>
                                        
                    <Property name="startPeriod" value="FIRST"/>
                                        
                    <Property name="endPeriod" value="NOW"/>
                                    
                </Control>
                                
                <Control id="attributes-selector_id_2002" type="attributes-selector" visible="false">
                                        
                    <Property name="attributeInfos">
                                                
                        <List>
                                                        
                            <Item>
                                
                                <Value>
                                        
                                    <Property name="objectType" value="RESOURCE"/>
                                        
                                    <Property name="attributeKey" value="power|energy_summation_sum"/>
                                        
                                    <Property name="preferredUnitId" value="kwh"/>
                                        
                                    <Property name="isStringAttribute" value="false"/>
                                        
                                    <Property name="adapterKind" value="VMWARE"/>
                                        
                                    <Property name="resourceKind" value="HostSystem"/>
                                        
                                    <Property name="rollUpType" value="NONE"/>
                                        
                                    <Property name="rollUpCount" value="0"/>
                                        
                                    <Property name="transformations">
                                                
                                        <List>
                                                        
                                            <Item value="SUM"/>
                                                    
                                        </List>
                                            
                                    </Property>
                                        
                                    <Property name="isProperty" value="false"/>
                                        
                                    <Property name="isShowRelativeTimestamp" value="false"/>
                                    
                                </Value>
                                                            
                            </Item>
                                                    
                        </List>
                                            
                    </Property>
                                    
                </Control>
                                
                <Control id="buckets-control_id_2003" type="buckets-control" visible="false">
                                        
                    <Property name="maxValue" value="0"/>
                                        
                    <Property name="minValue" value="0"/>
                                        
                    <Property name="dynamicCalcFunction" value="SIMPLEMAXMIN"/>
                                        
                    <Property name="bucketInfos">
                                                
                        <List>
                                                        
                            <Item>
                                
                                <Value>
                                        
                                    <Property name="startValue" value="0"/>
                                        
                                    <Property name="endValue" value="10"/>
                                        
                                    <Property name="bucketColor" value="62A420"/>
                                    
                                </Value>
                                                            
                            </Item>
                                                        
                            <Item>
                                
                                <Value>
                                        
                                    <Property name="startValue" value="10"/>
                                        
                                    <Property name="endValue" value="50"/>
                                        
                                    <Property name="bucketColor" value="FAC400"/>
                                    
                                </Value>
                                                            
                            </Item>
                                                        
                            <Item>
                                
                                <Value>
                                        
                                    <Property name="startValue" value="50"/>
                                        
                                    <Property name="endValue" value="250"/>
                                        
                                    <Property name="bucketColor" value="F57600"/>
                                    
                                </Value>
                                                            
                            </Item>
                                                        
                            <Item>
                                
                                <Value>
                                        
                                    <Property name="startValue" value="250"/>
                                        
                                    <Property name="endValue" value="1000"/>
                                        
                                    <Property name="bucketColor" value="F54F47"/>
                                    
                                </Value>
                                                            
                            </Item>
                                                    
                        </List>
                                            
                    </Property>
                                        
                    <Property name="isDynamic" value="false"/>
                                        
                    <Property name="isSum" value="false"/>
                                    
                </Control>
                                
                <Control id="metadata_id_2004" type="metadata" visible="false">
                                        
                    <Property name="maxPointsCount" value="5000"/>
                                        
                    <Property name="hideObjectNameColumn" value="false"/>
                                        
                    <Property name="listTopResultSize" value="-1"/>
                                    
                </Control>
                            
            </Controls>
                        
            <DataProviders>
                                
                <DataProvider dataType="distribution-view" id="distribution-view_id_2000"/>
                            
            </DataProviders>
                        
            <Presentation type="bar-chart"/>
                    
        </ViewDef>
                
        <ViewDef id="2fbc04f6-8950-4e9d-aaf6-795713c20b91">
                        
            <Title>tk-Cluster Energy Costs - Current Month</Title>
                        
            <Description/>
                        
            <SubjectType adapterKind="VMWARE" filter="[[{&quot;filterType&quot;:&quot;metrics&quot;,&quot;metricKey&quot;:&quot;Super Metric|sm_1eceb8c7-9abd-445f-90f7-262523cf5ced&quot;,&quot;condition&quot;:&quot;GREATER_THAN&quot;,&quot;metricValue&quot;:{&quot;value&quot;:0,&quot;isStringMetric&quot;:false},&quot;transform&quot;:&quot;SUM&quot;}]]" resourceKind="ClusterComputeResource" type="descendant"/>
                        
            <Usage>dashboard</Usage>
                        
            <Usage>report</Usage>
                        
            <Usage>details</Usage>
                        
            <Usage>content</Usage>
                        
            <Controls>
                                
                <Control id="time-interval-selector_id_2061" type="time-interval-selector" visible="false">
                                        
                    <Property name="advancedTimeMode" value="true"/>
                                        
                    <Property name="unit" value="DAYS"/>
                                        
                    <Property name="startSubUnit" value="MONTHS"/>
                                        
                    <Property name="startPeriod" value="FIRST"/>
                                        
                    <Property name="endPeriod" value="NOW"/>
                                    
                </Control>
                                
                <Control id="attributes-selector_id_2062" type="attributes-selector" visible="false">
                                        
                    <Property name="attributeInfos">
                                                
                        <List>
                                                        
                            <Item>
                                
                                <Value>
                                        
                                    <Property name="objectType" value="RESOURCE"/>
                                        
                                    <Property name="attributeKey" value="Super Metric|sm_1eceb8c7-9abd-445f-90f7-262523cf5ced"/>
                                        
                                    <Property name="preferredUnitId" value="currency"/>
                                        
                                    <Property name="isStringAttribute" value="false"/>
                                        
                                    <Property name="adapterKind" value="VMWARE"/>
                                        
                                    <Property name="resourceKind" value="ClusterComputeResource"/>
                                        
                                    <Property name="rollUpType" value="NONE"/>
                                        
                                    <Property name="rollUpCount" value="0"/>
                                        
                                    <Property name="transformations">
                                                
                                        <List>
                                                        
                                            <Item value="SUM"/>
                                                    
                                        </List>
                                            
                                    </Property>
                                        
                                    <Property name="isProperty" value="false"/>
                                        
                                    <Property name="isShowRelativeTimestamp" value="false"/>
                                    
                                </Value>
                                                            
                            </Item>
                                                    
                        </List>
                                            
                    </Property>
                                    
                </Control>
                                
                <Control id="buckets-control_id_2063" type="buckets-control" visible="false">
                                        
                    <Property name="maxValue" value="0"/>
                                        
                    <Property name="minValue" value="0"/>
                                        
                    <Property name="dynamicCalcFunction" value="SIMPLEMAXMIN"/>
                                        
                    <Property name="bucketInfos">
                                                
                        <List>
                                                        
                            <Item>
                                
                                <Value>
                                        
                                    <Property name="startValue" value="0"/>
                                        
                                    <Property name="endValue" value="5"/>
                                        
                                    <Property name="bucketColor" value="62A420"/>
                                    
                                </Value>
                                                            
                            </Item>
                                                        
                            <Item>
                                
                                <Value>
                                        
                                    <Property name="startValue" value="5"/>
                                        
                                    <Property name="endValue" value="10"/>
                                        
                                    <Property name="bucketColor" value="FAC400"/>
                                    
                                </Value>
                                                            
                            </Item>
                                                        
                            <Item>
                                
                                <Value>
                                        
                                    <Property name="startValue" value="10"/>
                                        
                                    <Property name="endValue" value="25"/>
                                        
                                    <Property name="bucketColor" value="F57600"/>
                                    
                                </Value>
                                                            
                            </Item>
                                                        
                            <Item>
                                
                                <Value>
                                        
                                    <Property name="startValue" value="25"/>
                                        
                                    <Property name="endValue" value="100"/>
                                        
                                    <Property name="bucketColor" value="F54F47"/>
                                    
                                </Value>
                                                            
                            </Item>
                                                    
                        </List>
                                            
                    </Property>
                                        
                    <Property name="isDynamic" value="false"/>
                                        
                    <Property name="isSum" value="false"/>
                                    
                </Control>
                                
                <Control id="metadata_id_2064" type="metadata" visible="false">
                                        
                    <Property name="maxPointsCount" value="5000"/>
                                        
                    <Property name="hideObjectNameColumn" value="false"/>
                                        
                    <Property name="listTopResultSize" value="-1"/>
                                    
                </Control>
                            
            </Controls>
                        
            <DataProviders>
                                
                <DataProvider dataType="distribution-view" id="distribution-view_id_2060"/>
                            
            </DataProviders>
                        
            <Presentation type="bar-chart"/>
                    
        </ViewDef>
                
        <ViewDef id="31deb1c1-3edd-4cce-a7ce-e2a41cff0f5c">
                        
            <Title>tk-Cluster Carbon Emissions - Current Month</Title>
                        
            <Description/>
                        
            <SubjectType adapterKind="VMWARE" filter="[[{&quot;filterType&quot;:&quot;metrics&quot;,&quot;metricKey&quot;:&quot;Super Metric|sm_1b9cced1-9495-408f-921a-9a29b7c36f95&quot;,&quot;condition&quot;:&quot;GREATER_THAN&quot;,&quot;metricValue&quot;:{&quot;value&quot;:0,&quot;isStringMetric&quot;:false},&quot;transform&quot;:&quot;SUM&quot;}]]" resourceKind="ClusterComputeResource" type="descendant"/>
                        
            <Usage>dashboard</Usage>
                        
            <Usage>report</Usage>
                        
            <Usage>details</Usage>
                        
            <Usage>content</Usage>
                        
            <Controls>
                                
                <Control id="time-interval-selector_id_2229" type="time-interval-selector" visible="false">
                                        
                    <Property name="advancedTimeMode" value="true"/>
                                        
                    <Property name="unit" value="DAYS"/>
                                        
                    <Property name="startSubUnit" value="MONTHS"/>
                                        
                    <Property name="startPeriod" value="FIRST"/>
                                        
                    <Property name="endPeriod" value="NOW"/>
                                    
                </Control>
                                
                <Control id="attributes-selector_id_2230" type="attributes-selector" visible="false">
                                        
                    <Property name="attributeInfos">
                                                
                        <List>
                                                        
                            <Item>
                                
                                <Value>
                                        
                                    <Property name="objectType" value="RESOURCE"/>
                                        
                                    <Property name="attributeKey" value="Super Metric|sm_1b9cced1-9495-408f-921a-9a29b7c36f95"/>
                                        
                                    <Property name="preferredUnitId" value="kg"/>
                                        
                                    <Property name="isStringAttribute" value="false"/>
                                        
                                    <Property name="adapterKind" value="VMWARE"/>
                                        
                                    <Property name="resourceKind" value="ClusterComputeResource"/>
                                        
                                    <Property name="rollUpType" value="NONE"/>
                                        
                                    <Property name="rollUpCount" value="0"/>
                                        
                                    <Property name="transformations">
                                                
                                        <List>
                                                        
                                            <Item value="SUM"/>
                                                    
                                        </List>
                                            
                                    </Property>
                                        
                                    <Property name="isProperty" value="false"/>
                                        
                                    <Property name="isShowRelativeTimestamp" value="false"/>
                                    
                                </Value>
                                                            
                            </Item>
                                                    
                        </List>
                                            
                    </Property>
                                    
                </Control>
                                
                <Control id="buckets-control_id_2231" type="buckets-control" visible="false">
                                        
                    <Property name="maxValue" value="0"/>
                                        
                    <Property name="minValue" value="0"/>
                                        
                    <Property name="dynamicCalcFunction" value="SIMPLEMAXMIN"/>
                                        
                    <Property name="bucketInfos">
                                                
                        <List>
                                                        
                            <Item>
                                
                                <Value>
                                        
                                    <Property name="startValue" value="0"/>
                                        
                                    <Property name="endValue" value="100"/>
                                        
                                    <Property name="bucketColor" value="62A420"/>
                                    
                                </Value>
                                                            
                            </Item>
                                                        
                            <Item>
                                
                                <Value>
                                        
                                    <Property name="startValue" value="100"/>
                                        
                                    <Property name="endValue" value="250"/>
                                        
                                    <Property name="bucketColor" value="FAC400"/>
                                    
                                </Value>
                                                            
                            </Item>
                                                        
                            <Item>
                                
                                <Value>
                                        
                                    <Property name="startValue" value="250"/>
                                        
                                    <Property name="endValue" value="500"/>
                                        
                                    <Property name="bucketColor" value="F57600"/>
                                    
                                </Value>
                                                            
                            </Item>
                                                        
                            <Item>
                                
                                <Value>
                                        
                                    <Property name="startValue" value="500"/>
                                        
                                    <Property name="endValue" value="10000"/>
                                        
                                    <Property name="bucketColor" value="F54F47"/>
                                    
                                </Value>
                                                            
                            </Item>
                                                    
                        </List>
                                            
                    </Property>
                                        
                    <Property name="isDynamic" value="false"/>
                                        
                    <Property name="isSum" value="false"/>
                                    
                </Control>
                                
                <Control id="metadata_id_2232" type="metadata" visible="false">
                                        
                    <Property name="maxPointsCount" value="5000"/>
                                        
                    <Property name="hideObjectNameColumn" value="false"/>
                                        
                    <Property name="listTopResultSize" value="-1"/>
                                    
                </Control>
                            
            </Controls>
                        
            <DataProviders>
                                
                <DataProvider dataType="distribution-view" id="distribution-view_id_2228"/>
                            
            </DataProviders>
                        
            <Presentation type="bar-chart"/>
                    
        </ViewDef>
                
        <ViewDef id="7fb4cb7e-e6e4-45e3-bcde-235ddf72ffe2">
                        
            <Title>tk-Host Energy Costs - Current Month NEW</Title>
                        
            <Description/>
                        
            <SubjectType adapterKind="VMWARE" filter="[[{&quot;filterType&quot;:&quot;metrics&quot;,&quot;metricKey&quot;:&quot;Super Metric|sm_fa8d40da-0a9f-4697-be34-f24bb08e63c2&quot;,&quot;condition&quot;:&quot;GREATER_THAN&quot;,&quot;metricValue&quot;:{&quot;value&quot;:0,&quot;isStringMetric&quot;:false},&quot;transform&quot;:&quot;SUM&quot;}]]" resourceKind="HostSystem" type="descendant"/>
                        
            <Usage>dashboard</Usage>
                        
            <Usage>report</Usage>
                        
            <Usage>details</Usage>
                        
            <Usage>content</Usage>
                        
            <Controls>
                                
                <Control id="time-interval-selector_id_2091" type="time-interval-selector" visible="false">
                                        
                    <Property name="advancedTimeMode" value="true"/>
                                        
                    <Property name="unit" value="DAYS"/>
                                        
                    <Property name="startSubUnit" value="MONTHS"/>
                                        
                    <Property name="startPeriod" value="FIRST"/>
                                        
                    <Property name="endPeriod" value="NOW"/>
                                    
                </Control>
                                
                <Control id="attributes-selector_id_2092" type="attributes-selector" visible="false">
                                        
                    <Property name="attributeInfos">
                                                
                        <List>
                                                        
                            <Item>
                                
                                <Value>
                                        
                                    <Property name="objectType" value="RESOURCE"/>
                                        
                                    <Property name="attributeKey" value="Super Metric|sm_fa8d40da-0a9f-4697-be34-f24bb08e63c2"/>
                                        
                                    <Property name="preferredUnitId" value="currency"/>
                                        
                                    <Property name="isStringAttribute" value="false"/>
                                        
                                    <Property name="adapterKind" value="VMWARE"/>
                                        
                                    <Property name="resourceKind" value="HostSystem"/>
                                        
                                    <Property name="rollUpType" value="NONE"/>
                                        
                                    <Property name="rollUpCount" value="0"/>
                                        
                                    <Property name="transformations">
                                                
                                        <List>
                                                        
                                            <Item value="SUM"/>
                                                    
                                        </List>
                                            
                                    </Property>
                                        
                                    <Property name="isProperty" value="false"/>
                                        
                                    <Property name="isShowRelativeTimestamp" value="false"/>
                                    
                                </Value>
                                                            
                            </Item>
                                                    
                        </List>
                                            
                    </Property>
                                    
                </Control>
                                
                <Control id="buckets-control_id_2093" type="buckets-control" visible="false">
                                        
                    <Property name="maxValue" value="0"/>
                                        
                    <Property name="minValue" value="0"/>
                                        
                    <Property name="dynamicCalcFunction" value="SIMPLEMAXMIN"/>
                                        
                    <Property name="bucketInfos">
                                                
                        <List>
                                                        
                            <Item>
                                
                                <Value>
                                        
                                    <Property name="startValue" value="0"/>
                                        
                                    <Property name="endValue" value="2.5"/>
                                        
                                    <Property name="bucketColor" value="62A420"/>
                                    
                                </Value>
                                                            
                            </Item>
                                                        
                            <Item>
                                
                                <Value>
                                        
                                    <Property name="startValue" value="2.5"/>
                                        
                                    <Property name="endValue" value="5"/>
                                        
                                    <Property name="bucketColor" value="FAC400"/>
                                    
                                </Value>
                                                            
                            </Item>
                                                        
                            <Item>
                                
                                <Value>
                                        
                                    <Property name="startValue" value="5"/>
                                        
                                    <Property name="endValue" value="15"/>
                                        
                                    <Property name="bucketColor" value="F57600"/>
                                    
                                </Value>
                                                            
                            </Item>
                                                        
                            <Item>
                                
                                <Value>
                                        
                                    <Property name="startValue" value="15"/>
                                        
                                    <Property name="endValue" value="50"/>
                                        
                                    <Property name="bucketColor" value="F54F47"/>
                                    
                                </Value>
                                                            
                            </Item>
                                                    
                        </List>
                                            
                    </Property>
                                        
                    <Property name="isDynamic" value="false"/>
                                        
                    <Property name="isSum" value="false"/>
                                    
                </Control>
                                
                <Control id="metadata_id_2094" type="metadata" visible="false">
                                        
                    <Property name="maxPointsCount" value="5000"/>
                                        
                    <Property name="hideObjectNameColumn" value="false"/>
                                        
                    <Property name="listTopResultSize" value="-1"/>
                                    
                </Control>
                            
            </Controls>
                        
            <DataProviders>
                                
                <DataProvider dataType="distribution-view" id="distribution-view_id_2090"/>
                            
            </DataProviders>
                        
            <Presentation type="bar-chart"/>
                    
        </ViewDef>
                
        <ViewDef id="eb790476-5228-4b53-b517-07126848c8cf">
                        
            <Title>tk-Host Carbon Emissions - Current Month</Title>
                        
            <Description/>
                        
            <SubjectType adapterKind="VMWARE" filter="[[{&quot;filterType&quot;:&quot;metrics&quot;,&quot;metricKey&quot;:&quot;Super Metric|sm_6f8b5ce5-3c27-4d26-88e2-eb9562f2c7f1&quot;,&quot;condition&quot;:&quot;GREATER_THAN&quot;,&quot;metricValue&quot;:{&quot;value&quot;:0,&quot;isStringMetric&quot;:false},&quot;transform&quot;:&quot;SUM&quot;}]]" resourceKind="HostSystem" type="descendant"/>
                        
            <Usage>dashboard</Usage>
                        
            <Usage>report</Usage>
                        
            <Usage>details</Usage>
                        
            <Usage>content</Usage>
                        
            <Controls>
                                
                <Control id="time-interval-selector_id_1721" type="time-interval-selector" visible="false">
                                        
                    <Property name="advancedTimeMode" value="true"/>
                                        
                    <Property name="unit" value="DAYS"/>
                                        
                    <Property name="startSubUnit" value="MONTHS"/>
                                        
                    <Property name="startPeriod" value="FIRST"/>
                                        
                    <Property name="endPeriod" value="NOW"/>
                                    
                </Control>
                                
                <Control id="attributes-selector_id_1722" type="attributes-selector" visible="false">
                                        
                    <Property name="attributeInfos">
                                                
                        <List>
                                                        
                            <Item>
                                
                                <Value>
                                        
                                    <Property name="objectType" value="RESOURCE"/>
                                        
                                    <Property name="attributeKey" value="Super Metric|sm_6f8b5ce5-3c27-4d26-88e2-eb9562f2c7f1"/>
                                        
                                    <Property name="preferredUnitId" value="kg"/>
                                        
                                    <Property name="isStringAttribute" value="false"/>
                                        
                                    <Property name="adapterKind" value="VMWARE"/>
                                        
                                    <Property name="resourceKind" value="HostSystem"/>
                                        
                                    <Property name="rollUpType" value="NONE"/>
                                        
                                    <Property name="rollUpCount" value="0"/>
                                        
                                    <Property name="transformations">
                                                
                                        <List>
                                                        
                                            <Item value="SUM"/>
                                                    
                                        </List>
                                            
                                    </Property>
                                        
                                    <Property name="isProperty" value="false"/>
                                        
                                    <Property name="isShowRelativeTimestamp" value="false"/>
                                    
                                </Value>
                                                            
                            </Item>
                                                    
                        </List>
                                            
                    </Property>
                                    
                </Control>
                                
                <Control id="buckets-control_id_1723" type="buckets-control" visible="false">
                                        
                    <Property name="dynamicCalcFunction" value="DISCRETE"/>
                                        
                    <Property name="isDynamic" value="true"/>
                                        
                    <Property name="isSum" value="false"/>
                                    
                </Control>
                                
                <Control id="metadata_id_1724" type="metadata" visible="false">
                                        
                    <Property name="maxPointsCount" value="5000"/>
                                        
                    <Property name="hideObjectNameColumn" value="false"/>
                                        
                    <Property name="listTopResultSize" value="-1"/>
                                    
                </Control>
                            
            </Controls>
                        
            <DataProviders>
                                
                <DataProvider dataType="distribution-view" id="distribution-view_id_1720"/>
                            
            </DataProviders>
                        
            <Presentation type="bar-chart"/>
                    
        </ViewDef>
                
        <ViewDef id="227530f5-2297-41c9-a988-d3e279e022ac">
                        
            <Title>tk-Datacenter Energy Consumption - Current Month</Title>
                        
            <Description/>
                        
            <SubjectType adapterKind="VMWARE" filter="[[{&quot;filterType&quot;:&quot;metrics&quot;,&quot;metricKey&quot;:&quot;Super Metric|sm_1521a943-529b-49e2-a5c6-ad2f381723f1&quot;,&quot;condition&quot;:&quot;GREATER_THAN&quot;,&quot;metricValue&quot;:{&quot;value&quot;:0,&quot;isStringMetric&quot;:false},&quot;transform&quot;:&quot;SUM&quot;}]]" resourceKind="Datacenter" type="descendant"/>
                        
            <Usage>dashboard</Usage>
                        
            <Usage>report</Usage>
                        
            <Usage>details</Usage>
                        
            <Usage>content</Usage>
                        
            <Controls>
                                
                <Control id="time-interval-selector_id_1951" type="time-interval-selector" visible="false">
                                        
                    <Property name="advancedTimeMode" value="true"/>
                                        
                    <Property name="unit" value="DAYS"/>
                                        
                    <Property name="startSubUnit" value="MONTHS"/>
                                        
                    <Property name="startPeriod" value="FIRST"/>
                                        
                    <Property name="endPeriod" value="NOW"/>
                                    
                </Control>
                                
                <Control id="attributes-selector_id_1952" type="attributes-selector" visible="false">
                                        
                    <Property name="attributeInfos">
                                                
                        <List>
                                                        
                            <Item>
                                
                                <Value>
                                        
                                    <Property name="objectType" value="RESOURCE"/>
                                        
                                    <Property name="attributeKey" value="Super Metric|sm_1521a943-529b-49e2-a5c6-ad2f381723f1"/>
                                        
                                    <Property name="preferredUnitId" value="kwh"/>
                                        
                                    <Property name="isStringAttribute" value="false"/>
                                        
                                    <Property name="adapterKind" value="VMWARE"/>
                                        
                                    <Property name="resourceKind" value="Datacenter"/>
                                        
                                    <Property name="rollUpType" value="NONE"/>
                                        
                                    <Property name="rollUpCount" value="0"/>
                                        
                                    <Property name="transformations">
                                                
                                        <List>
                                                        
                                            <Item value="SUM"/>
                                                    
                                        </List>
                                            
                                    </Property>
                                        
                                    <Property name="isProperty" value="false"/>
                                        
                                    <Property name="displayName" value="Total Energy Consumption"/>
                                        
                                    <Property name="isShowRelativeTimestamp" value="false"/>
                                    
                                </Value>
                                                            
                            </Item>
                                                    
                        </List>
                                            
                    </Property>
                                    
                </Control>
                                
                <Control id="buckets-control_id_1953" type="buckets-control" visible="false">
                                        
                    <Property name="maxValue" value="0"/>
                                        
                    <Property name="minValue" value="0"/>
                                        
                    <Property name="dynamicCalcFunction" value="SIMPLEMAXMIN"/>
                                        
                    <Property name="bucketInfos">
                                                
                        <List>
                                                        
                            <Item>
                                
                                <Value>
                                        
                                    <Property name="startValue" value="0"/>
                                        
                                    <Property name="endValue" value="100"/>
                                        
                                    <Property name="bucketColor" value="62A420"/>
                                    
                                </Value>
                                                            
                            </Item>
                                                        
                            <Item>
                                
                                <Value>
                                        
                                    <Property name="startValue" value="100"/>
                                        
                                    <Property name="endValue" value="250"/>
                                        
                                    <Property name="bucketColor" value="FAC400"/>
                                    
                                </Value>
                                                            
                            </Item>
                                                        
                            <Item>
                                
                                <Value>
                                        
                                    <Property name="startValue" value="250"/>
                                        
                                    <Property name="endValue" value="500"/>
                                        
                                    <Property name="bucketColor" value="F57600"/>
                                    
                                </Value>
                                                            
                            </Item>
                                                        
                            <Item>
                                
                                <Value>
                                        
                                    <Property name="startValue" value="500"/>
                                        
                                    <Property name="endValue" value="10000"/>
                                        
                                    <Property name="bucketColor" value="F54F47"/>
                                    
                                </Value>
                                                            
                            </Item>
                                                    
                        </List>
                                            
                    </Property>
                                        
                    <Property name="isDynamic" value="false"/>
                                        
                    <Property name="isSum" value="false"/>
                                    
                </Control>
                                
                <Control id="metadata_id_1954" type="metadata" visible="false">
                                        
                    <Property name="maxPointsCount" value="5000"/>
                                        
                    <Property name="hideObjectNameColumn" value="false"/>
                                        
                    <Property name="listTopResultSize" value="-1"/>
                                    
                </Control>
                            
            </Controls>
                        
            <DataProviders>
                                
                <DataProvider dataType="distribution-view" id="distribution-view_id_1950"/>
                            
            </DataProviders>
                        
            <Presentation type="bar-chart"/>
                    
        </ViewDef>
            
    </Views>
    
</Content>
